date,fast=10|slow=100,fast=10|slow=150,fast=10|slow=200,fast=20|slow=100,fast=20|slow=150,fast=20|slow=200,fast=50|slow=100,fast=50|slow=150,fast=50|slow=200
2016-01-04,-0.00223766,-0.01009939,-0.00171165,-0.00048886,-0.00220313,0.00954073,-0.00329052,-0.00078553,-0.00363854
2016-01-05,-0.00836402,-0.00858615,-0.00724348,-0.00610027,-0.00726838,-0.00839436,0.00065914,-0.01667492,-0.01043650
2016-01-06,0.01856398,0.01553741,0.01010097,0.01134387,0.01776518,0.01948923,0.01679851,0.01665437,0.02055046
2016-01-07,-0.01151510,-0.00199625,-0.00514603,-0.01191520,-0.00763971,-0.01393845,-0.00832421,-0.00939105,-0.00687150
2016-01-08,0.00140351,-0.00274257,-0.00510506,0.00040665,-0.00352330,0.00226204,-0.00308385,-0.00678714,-0.00109104
2016-01-11,0.00898171,0.00839254,0.01151451,0.00680140,0.00108873,0.00786558,0.01133537,0.01237941,0.00522277
2016-01-12,0.00053316,-0.00312999,0.00445692,-0.00537718,-0.01093852,0.00451338,-0.00365874,-0.00800143,-0.00125889
2016-01-13,-0.00925776,-0.00750740,-0.01142743,-0.00538469,-0.00454655,-0.00804235,-0.01078809,-0.01030403,-0.00247266
2016-01-14,0.00347803,0.00043702,0.00450718,-0.00103543,0.01587225,-0.00601483,0.00356925,0.00422718,-0.00141118
2016-01-15,0.00388982,-0.00061498,0.00067944,0.00283463,-0.00015337,0.00842077,0.00410255,0.00222347,0.00307046
2016-01-18,0.00410687,0.00147724,-0.00231135,-0.00061047,-0.00618246,0.00199457,0.00083948,-0.00300313,-0.00472297
2016-01-19,-0.00809959,0.00466290,-0.00797877,-0.00375841,-0.00733006,-0.00376372,-0.00688426,-0.00391650,0.00825649
2016-01-20,-0.00784482,-0.00902804,-0.00500447,-0.00412244,0.00258062,-0.00487309,-0.00399027,-0.00270426,-0.00436819
2016-01-21,-0.02492582,-0.01374486,-0.02217307,-0.02253550,-0.02363115,-0.01988389,-0.02437951,-0.02388915,-0.02046254
2016-01-22,0.01630231,0.01985953,0.01110539,0.01515027,0.01040931,0.01350541,0.02202941,0.01213565,0.00787225
2016-01-25,-0.00374479,-0.00453946,0.00413727,0.00008919,-0.00091689,-0.00089499,-0.00409135,0.00400939,0.00203601
2016-01-26,-0.00371508,-0.00594648,-0.00682834,-0.00762407,-0.00328540,-0.00489332,-0.00929273,-0.01001133,-0.01295479
2016-01-27,0.00244799,0.00705919,0.00395284,0.00571933,-0.00036563,-0.00320599,0.00214141,0.01008652,0.00618958
2016-01-28,0.00355977,-0.00252425,0.00395110,0.00224772,-0.00117162,0.00427706,-0.00298218,0.00449127,-0.00221873
2016-01-29,-0.01254077,-0.02509846,-0.01918365,-0.02165825,-0.01638068,-0.02740109,-0.01667345,-0.01928402,-0.01746993
2016-02-01,-0.01875931,-0.01809988,-0.01454096,-0.01241545,-0.01694994,-0.02232335,-0.01770252,-0.01269706,-0.01201692
2016-02-02,0.01155082,0.01174640,0.00920126,0.01134847,0.01968861,0.00645540,0.00923519,0.00673545,0.00857129
2016-02-03,0.00965777,0.01011562,0.00390351,0.00169852,0.00161042,0.00884407,0.00406456,0.00489394,0.00451762
2016-02-04,-0.00582521,-0.01298205,-0.00881229,-0.01229542,-0.00540672,-0.01141654,-0.01011101,-0.01522169,-0.00532125
2016-02-05,-0.00400921,0.00404716,-0.00448385,0.00620852,-0.00350975,-0.00010335,-0.00637526,0.00196441,0.00201031
2016-02-08,-0.00683107,-0.00742529,-0.00045523,-0.01003545,-0.00865640,-0.00636926,-0.00767424,-0.00747333,-0.00504997
2016-02-09,0.00175368,0.00812310,0.00197488,0.00454881,0.00089563,0.00486113,0.00200153,-0.00122189,0.00474428
2016-02-10,0.00565897,-0.00197231,0.00702327,-0.00263334,0.00713306,0.00860661,0.00325384,0.00387090,0.00406227
2016-02-11,-0.00870401,-0.00618641,-0.00969673,-0.00866918,-0.01557302,-0.00536089,-0.01130802,0.00055634,-0.00385657
2016-02-12,-0.00955259,-0.00793298,-0.01212084,-0.00855983,-0.00853759,-0.00702342,-0.00883252,-0.00610917,-0.01011633
2016-02-15,0.01026029,0.00117447,0.01282323,0.00512494,0.00509816,0.00112166,0.00091100,0.00900529,-0.00190454
2016-02-16,-0.00031253,0.00243065,0.00026747,0.00019661,-0.00014678,-0.00155599,0.00639953,0.00608437,-0.00489021
2016-02-17,0.01375410,0.00940232,0.00061496,0.01593132,0.00905200,0.00399405,0.01016113,0.01844408,0.01204932
2016-02-18,-0.01281692,-0.00091313,-0.01139711,-0.01345395,-0.00844783,-0.00851663,-0.01406469,-0.00726334,-0.01407003
2016-02-19,-0.01033103,-0.00155407,-0.00700557,-0.01070897,-0.00782059,-0.00971931,-0.00338540,0.00099339,-0.00148473
2016-02-22,0.00354881,0.00138312,-0.00974042,-0.01351325,-0.00200815,0.00203193,-0.00823913,-0.00778767,-0.00823741
2016-02-23,0.00446148,-0.00476932,-0.00005313,0.00541457,0.00388958,0.00263821,-0.00084539,0.00367974,-0.00213906
2016-02-24,0.01181483,0.00002232,-0.00077691,0.00019384,-0.00089788,-0.00087444,0.01011356,0.00554681,0.00895379
2016-02-25,0.00496354,0.00420123,0.00671091,0.00788320,0.00387318,0.00355478,-0.00129130,0.01273953,0.00323539
2016-02-26,0.00039463,0.00944128,0.00320964,0.00382657,0.01199314,0.00042753,0.00007467,-0.00479934,0.00436227
2016-02-29,-0.00027315,-0.00049396,-0.00183368,-0.00105303,-0.00775971,-0.00704832,-0.00577223,-0.00163045,-0.00528124
2016-03-01,-0.00523876,-0.00141849,0.00312985,-0.00119587,-0.00254144,-0.00235034,-0.00240710,0.00041074,-0.00360947
2016-03-02,-0.01138131,-0.01386127,-0.01240010,-0.00571120,-0.00912265,-0.00703886,-0.01949246,-0.01374681,-0.00313603
2016-03-03,-0.00844867,-0.00129895,0.00030755,-0.00263358,0.00219157,-0.00919230,0.00227769,0.00024208,0.00008747
2016-03-04,-0.00410681,-0.00652726,-0.00132334,-0.00299456,-0.00444984,-0.00490786,-0.00583945,-0.00848983,-0.00657900
2016-03-07,-0.00740204,-0.00297866,-0.00491021,-0.01202258,-0.00245532,-0.00056156,-0.00104537,-0.00458993,-0.00749783
2016-03-08,0.00766616,0.00511535,0.01042046,0.00990533,0.01875339,0.00480879,0.00506083,0.00969697,0.00529030
2016-03-09,-0.00307210,-0.00633715,-0.00738263,-0.00098063,-0.00296530,-0.00228190,-0.00672449,-0.00090937,0.00042133
2016-03-10,0.00950708,-0.00184493,0.00222318,0.00528950,0.00097590,0.00138018,0.00313818,0.00416007,0.00475402
2016-03-11,-0.00539016,-0.00538037,-0.00578943,-0.00032991,-0.00292949,0.00077239,-0.00185696,-0.00213226,-0.00423800
2016-03-14,0.01364355,0.01223565,0.00764145,0.01722482,0.01022672,0.01541828,0.01094571,0.01704799,0.00995948
2016-03-15,-0.01198404,-0.01608132,-0.01575884,-0.01115405,-0.01340925,-0.00324927,-0.00984074,-0.01138029,-0.01016275
2016-03-16,0.00297246,0.00538631,0.00330992,0.00785391,0.00200393,0.00567279,0.00495877,0.00475996,0.00240225
2016-03-17,0.00868555,0.00479655,0.00956803,0.01116061,0.00787172,0.00399326,0.00462891,0.01051122,0.00602170
2016-03-18,-0.01156725,-0.01458685,-0.01128403,-0.00765455,-0.01470244,-0.02031613,-0.00848432,-0.00507761,-0.01176444
2016-03-21,-0.00056753,-0.00373966,-0.00514763,0.00485427,0.00423753,0.00163053,0.00082670,-0.00088364,0.00248568
2016-03-22,-0.00287256,0.00221231,0.00502623,-0.00330964,0.00403336,0.00015989,0.00003639,-0.00376429,-0.00009015
2016-03-23,0.00786958,0.01244582,0.01144136,0.01581692,0.01335688,0.01178492,0.01207120,0.01556734,0.01185852
2016-03-24,-0.00964746,-0.01180023,-0.01515154,-0.01410468,-0.01649199,-0.01187433,-0.01065391,-0.01517923,-0.01119133
2016-03-25,0.00487777,0.00716635,-0.00016196,0.00881290,0.00238741,-0.00617504,-0.00316307,-0.00167181,0.00248044
2016-03-28,0.00655058,0.00719142,-0.00061738,0.00607116,0.00814465,0.00221325,0.00552317,0.00399242,-0.00340080
2016-03-29,0.01248083,0.01341244,0.01179929,0.00554645,0.01409286,0.01332371,0.01492055,0.01182308,0.01164525
2016-03-30,-0.01140888,-0.00826730,-0.00591304,-0.01191293,-0.00936155,-0.00849081,-0.01286764,-0.00903407,-0.00968707
2016-03-31,0.00367921,0.01039987,0.00527305,0.00284140,0.00943901,0.01195900,0.00498395,-0.00242507,0.00183942
2016-04-01,-0.00140919,-0.00788861,-0.00832797,-0.00254371,-0.00115773,-0.00662683,-0.00207252,-0.00702429,-0.00723136
2016-04-04,-0.00996999,-0.01392223,-0.00740951,-0.00526861,-0.01651073,-0.01397113,-0.00731404,-0.01389406,-0.01298779
2016-04-05,0.00065731,-0.00367398,-0.00124207,0.00204037,0.00219790,-0.00489194,0.00226464,0.00363667,-0.00342632
2016-04-06,-0.00787813,-0.00698825,-0.00566278,-0.00011517,0.00320165,-0.00435520,-0.00591366,-0.00343285,-0.00510707
2016-04-07,0.01470755,0.01867896,0.01374435,0.02057120,0.01907819,0.02773697,0.01700598,0.01821955,0.02115846
2016-04-08,0.00730042,-0.00779722,-0.00413778,0.00375428,0.00119377,0.00706510,-0.00174039,0.00044947,-0.01091534
2016-04-11,0.01138488,0.00742386,0.00974107,0.01118140,0.01281301,-0.00088693,0.01214243,0.01297090,0.00700193
2016-04-12,0.00399073,-0.00166272,-0.00263477,-0.00257574,-0.00463007,0.00486943,-0.00029174,0.00521271,0.00929899
2016-04-13,-0.01137813,-0.00779497,-0.00401642,-0.00062451,-0.00035215,-0.00173145,-0.00498592,-0.01008534,-0.01021285
2016-04-14,-0.00231300,-0.00705302,-0.01047481,-0.00101222,-0.00584952,-0.00120104,-0.00936839,-0.00625040,0.00284525
2016-04-15,-0.00862447,-0.00237744,-0.00125847,-0.00534053,-0.00629735,-0.00083225,-0.01259656,0.00206481,-0.00707231
2016-04-18,0.00877934,0.00306443,0.00753042,0.01018344,0.00350437,0.00845063,0.01268058,0.00411594,0.00631426
2016-04-19,0.00424769,-0.00543643,0.00019797,0.00278678,0.00163802,-0.00091263,0.00116945,-0.00758479,-0.00101299
2016-04-20,0.00962093,-0.00112504,0.00321191,-0.00130609,0.00514988,0.00020637,0.00611029,-0.00428114,0.00466131
2016-04-21,0.00740295,0.00599975,0.01071603,0.00070854,0.00164589,0.00652142,-0.00297905,0.00500911,0.01014929
2016-04-22,0.00968595,0.00931466,0.01074004,0.00476629,0.00874384,0.01288078,0.00621717,0.01435113,0.00878606
2016-04-25,0.01359044,0.01882900,0.01990016,0.01657723,0.01297872,0.02140961,0.01366875,0.01839146,0.01771100
2016-04-26,-0.00447540,-0.00442883,-0.01088950,0.00154425,-0.00555035,-0.00103794,-0.00742758,-0.00804662,0.00024966
2016-04-27,0.00986593,0.01355534,0.02102528,0.01856072,0.01268018,0.00898532,0.01431965,0.00818666,0.01066565
2016-04-28,0.00023574,0.00187754,-0.00087607,0.00616046,-0.00255489,0.00030307,-0.00532198,-0.00331670,0.00216365
2016-04-29,0.00025965,-0.00089395,0.00532797,0.00670944,0.00643854,0.00363611,-0.00796855,0.00086653,0.00259346
2016-05-02,0.00525993,-0.00374373,0.00088211,0.00628153,-0.01009992,-0.00320332,0.00205334,0.00082443,-0.00343796
2016-05-03,0.00221292,0.00133372,0.00982532,0.00437342,0.00413534,0.00672074,0.00677161,0.01023372,0.00027654
2016-05-04,-0.00093601,-0.00857653,0.00031789,-0.00076197,-0.00035349,0.00004830,-0.00231391,0.00445137,-0.00192361
2016-05-05,0.01849133,0.01639415,0.02449679,0.01303708,0.01928899,0.01487617,0.02160813,0.01419492,0.01853405
2016-05-06,0.00894067,0.01023931,0.01028656,0.01599376,0.00799493,0.00584251,0.01259340,0.01748918,0.01216748
2016-05-09,0.00559187,-0.00552176,-0.00183839,-0.00373784,-0.00214930,0.00327654,0.00621747,-0.00401576,-0.00784860
2016-05-10,-0.00007165,-0.00446143,0.00086220,-0.00418030,-0.01238954,-0.00944818,0.00385442,-0.00363083,-0.00034265
2016-05-11,0.01449390,0.00863971,0.01138828,0.02048233,0.01515601,0.01668273,0.01608311,0.01136167,0.01005238
2016-05-12,0.00598988,0.00041854,0.00626726,0.00136122,-0.00334868,0.00522080,0.00084449,0.00423287,-0.00306625
2016-05-13,-0.00102713,0.00296550,-0.00466418,-0.00485160,-0.00671606,-0.00347010,-0.01102171,-0.00545667,0.00013260
2016-05-16,0.00809870,0.00499305,0.00147722,0.00467519,-0.00010754,0.00156586,0.01003831,0.01176478,0.00621979
2016-05-17,0.01695900,0.01754524,0.01569420,0.01171866,0.01154156,0.01511819,0.01558487,0.01066357,0.01529706
2016-05-18,0.01071481,0.01422198,0.01476495,0.01756219,0.01696691,0.00910867,0.01197492,0.01414964,0.02161410
2016-05-19,-0.02277977,-0.01559545,-0.02301004,-0.00828177,-0.02032777,-0.01730836,-0.01658233,-0.01901392,-0.01986642
2016-05-20,0.00770628,-0.00335519,-0.00594998,-0.00160910,0.00485096,-0.00241373,-0.00061284,0.00355377,0.00103563
2016-05-23,-0.01339777,-0.01686392,-0.01433720,-0.01867250,-0.01308872,-0.00686373,-0.00554122,-0.01167524,-0.01006548
2016-05-24,-0.01590300,-0.00772256,-0.02293014,-0.01574583,-0.01234376,-0.01247671,-0.01267274,-0.01045541,-0.01375665
2016-05-25,0.00053533,-0.00176991,-0.00662741,0.00560201,-0.00689269,-0.00880191,-0.01007390,-0.00653351,-0.00714947
2016-05-26,0.00087681,-0.00650038,0.00867955,0.00618420,0.00037267,0.00263627,-0.00464592,-0.00231637,0.00340131
2016-05-27,-0.00145679,-0.00154938,-0.00138020,-0.00447433,-0.00594699,-0.00411956,-0.00367835,0.00992505,-0.00974704
2016-05-30,0.00672949,0.01097875,0.00174805,0.01295092,0.00623635,0.01496958,0.00478921,0.00437114,0.00106004
2016-05-31,-0.01095162,-0.00874095,-0.00975765,-0.00445194,-0.01233794,0.00064397,-0.00744137,-0.00768408,-0.00548098
2016-06-01,0.00229616,-0.00622985,0.00026303,-0.01397351,-0.00404299,-0.00506879,-0.00731428,-0.00701131,-0.00548084
2016-06-02,0.00755047,-0.00662606,0.00356796,-0.00055212,0.00167631,0.00556205,-0.00694034,0.00262688,-0.00371255
2016-06-03,-0.00373122,-0.00126871,0.00691356,0.00456859,-0.00156509,0.00488188,0.00453455,0.00511832,-0.00093273
2016-06-06,0.00539892,0.00889768,0.00499446,0.00311927,0.00186693,0.00545448,-0.01113672,-0.00078629,0.00229764
2016-06-07,-0.00393349,-0.00610015,-0.00909701,-0.00270772,-0.00870150,-0.00322060,-0.00520312,-0.00645424,-0.00532150
2016-06-08,0.00893487,0.00822738,0.00507756,-0.00471170,0.00583778,0.00609329,0.00513836,0.00478933,0.00229667
2016-06-09,0.00867988,-0.00688044,0.00203812,0.00071042,0.00572725,-0.00291284,0.00015960,0.00666177,-0.00039591
2016-06-10,-0.00617696,-0.00879457,-0.00575084,-0.00946168,-0.00010687,-0.00522582,-0.00017026,-0.00214614,-0.00096139
2016-06-13,-0.00327611,0.00152926,-0.00399264,-0.00074293,0.00027858,-0.00464023,0.00293930,-0.00014039,-0.00046135
2016-06-14,0.00261921,-0.00110696,-0.00023752,0.00377302,-0.00318152,0.00456444,0.00404175,0.01046310,-0.00210973
2016-06-15,-0.01432705,-0.01419868,-0.02044655,-0.02059325,-0.01710837,-0.01352781,-0.01860591,-0.00875751,-0.00924869
2016-06-16,-0.00984688,-0.00793330,-0.01063438,-0.00368695,-0.01426839,-0.00828981,-0.00879682,-0.01371632,-0.00890556
2016-06-17,0.00866015,0.00131692,0.00132564,0.01213834,0.00677557,0.00844082,0.00995011,0.01269809,0.00110501
2016-06-20,-0.01276096,-0.01286579,-0.01700754,-0.01198752,-0.01606095,-0.01899354,-0.01355475,-0.00603946,-0.01331208
2016-06-21,-0.01397761,-0.01543281,-0.01282779,-0.01491589,-0.01624083,-0.01959232,-0.02071233,-0.00810130,-0.01635677
2016-06-22,0.00547838,0.00988353,0.00534490,0.00125074,0.00024019,0.00690464,0.01052481,0.00365609,0.00378483
2016-06-23,-0.00569371,-0.00198289,-0.00093562,0.00206208,-0.00426073,-0.00580779,-0.00161326,-0.00683574,-0.00105256
2016-06-24,-0.01103275,-0.00520147,-0.01286346,-0.01268086,-0.01656280,-0.01092266,-0.00905353,-0.01829241,-0.01543882
2016-06-27,-0.00390963,-0.00631986,0.00278553,-0.00026684,-0.00117517,-0.00000409,-0.00209039,-0.00863589,-0.00330839
2016-06-28,0.00624180,0.00973643,0.00411689,0.00919124,-0.00025660,0.00526254,-0.00028589,0.00209482,-0.00085858
2016-06-29,0.01069944,0.00908079,0.00627788,0.00072481,0.00839209,0.00624343,0.00972722,0.00169649,0.00545833
2016-06-30,-0.01395715,-0.00929416,-0.00763852,-0.00519659,-0.01325490,-0.01353399,-0.01232917,-0.00991613,-0.01275409
2016-07-01,-0.01318614,-0.02128033,-0.01555634,-0.02147005,-0.01104327,-0.02142030,-0.02124376,-0.02158935,-0.01719735
2016-07-04,0.00330668,0.01016207,0.00583429,0.00874377,0.00565132,0.01160015,0.01603824,0.00549914,0.00718708
2016-07-05,0.00085409,0.00669977,0.01029718,0.01021883,0.00521274,0.01066384,0.00137775,0.02056924,0.00971075
2016-07-06,-0.00419104,0.00581771,-0.00885573,-0.00440651,-0.00199753,0.00046833,-0.00821716,-0.00739949,-0.00473283
2016-07-07,-0.00813338,-0.01077210,-0.00517591,-0.00472880,-0.00384936,-0.01008414,-0.01528184,-0.01669726,-0.01037915
2016-07-08,-0.00413634,-0.01271948,-0.01095261,-0.00106674,-0.00958117,-0.00428231,-0.01065736,-0.00006894,-0.00193457
2016-07-11,0.00846043,-0.00030337,0.00965701,0.00958647,0.01031625,0.01660494,0.00331867,0.00636358,0.00594014
2016-07-12,-0.00994971,-0.01843133,-0.00866192,-0.00008139,-0.00355298,-0.00895428,-0.00712697,-0.00778118,-0.01279277
2016-07-13,-0.01061311,-0.00971571,-0.01489855,-0.01771913,-0.01567097,-0.01735924,-0.01186802,-0.01500453,-0.00633952
2016-07-14,0.00495678,0.00385598,0.00476257,0.00269738,0.00667601,0.00269474,0.00491786,0.00608343,-0.00088616
2016-07-15,-0.00980807,-0.00001348,-0.00403585,-0.00169788,-0.00441948,-0.00306236,-0.00338142,-0.00443079,-0.00136652
2016-07-18,-0.00337381,0.00314120,-0.01527193,-0.00758688,-0.00004181,0.00509262,0.00170587,-0.00491322,-0.00044135
2016-07-19,-0.00281608,0.00126665,0.00462833,0.00368785,0.00593418,0.00860104,0.00418167,0.00556988,0.01385960
2016-07-20,0.01264978,0.00947722,0.00873467,0.00568618,0.00973715,0.01591913,0.01000517,0.00180138,0.00860564
2016-07-21,-0.00005813,-0.00115914,-0.00486620,-0.00013248,-0.00578212,-0.00027682,0.00602975,-0.00406902,-0.00215202
2016-07-22,0.00240848,0.00639644,0.00598766,0.00696969,0.00877427,0.00895694,0.00540046,0.01369745,0.00719132
2016-07-25,0.00675792,0.00185833,0.00176426,0.00679411,0.01019386,0.00228474,0.00178283,0.00659046,0.00860982
2016-07-26,-0.00885933,-0.00225173,0.00113428,-0.00337677,-0.00437121,0.00084416,-0.00699179,-0.00454557,0.00418665
2016-07-27,-0.00617920,0.00050536,-0.01134279,-0.00440980,-0.00866197,-0.00510007,-0.00990058,-0.00860064,-0.00330301
2016-07-28,-0.00745704,-0.00683122,-0.01604007,-0.01105655,-0.01670334,-0.00845269,-0.01330098,-0.01268710,-0.01142244
2016-07-29,0.00099465,-0.00191636,0.00300419,0.00603110,0.00427552,0.00111379,0.00615418,0.00772516,0.00078395
2016-08-01,0.00296652,-0.00532538,0.00636497,0.00862658,0.01078893,0.00813313,0.00177928,0.00905089,0.00441724
2016-08-02,0.01580424,0.01491205,0.00413951,0.01211152,0.02173691,0.02082095,0.01698325,0.01275456,0.01440429
2016-08-03,-0.00252098,0.00284650,0.00540911,-0.00307877,0.00446483,0.00389502,-0.00805067,-0.00031488,-0.00247942
2016-08-04,0.00203002,-0.00172088,0.00462561,-0.00236872,-0.00914006,0.00067067,-0.00885619,0.00010790,-0.00430817
2016-08-05,0.00128338,0.00104903,0.00009513,-0.00323874,-0.00202647,0.00219231,0.00060216,0.00623407,-0.00802215
2016-08-08,-0.00357492,0.00040755,0.00061443,-0.00697312,-0.00106059,-0.00072860,0.00030870,-0.00396013,-0.00760883
2016-08-09,-0.00490141,0.00252803,0.00294088,0.00401218,-0.00305437,0.00465338,-0.00538221,-0.00274621,0.00247893
2016-08-10,0.00686938,0.00391372,0.00954229,0.00390365,0.00320863,0.00231960,0.00565299,0.00346488,-0.00421506
2016-08-11,0.01359722,0.01913629,0.01241326,0.01276408,0.01845535,0.01371103,0.01034724,0.01539150,0.01310846
2016-08-12,0.00607699,0.00188813,0.01259294,0.01098118,0.01353200,0.00708878,0.00824129,0.01085454,0.01323072
2016-08-15,0.01308024,0.01940707,0.02026657,0.01474377,0.01323973,0.01453383,0.01133078,0.01631130,0.02133121
2016-08-16,-0.00357488,-0.00057004,-0.00456122,-0.00136946,-0.00037448,-0.00715893,-0.00212838,-0.00298549,-0.00111663
2016-08-17,0.01269893,0.02290742,0.01308384,0.00876998,0.00879100,0.01617805,0.00872466,0.00830711,0.01075565
2016-08-18,0.00366806,0.00476191,0.00258417,0.00022696,-0.00017296,-0.00255333,0.00199131,0.00220266,-0.00637121
2016-08-19,0.00876193,0.00315915,0.00125049,0.00815015,0.00539083,0.00408644,-0.00068962,0.00239462,0.00498185
2016-08-22,0.00841257,0.01220691,0.00655346,0.00746028,0.00821578,0.00654439,0.00862030,0.00526353,0.00815026
2016-08-23,0.00550667,0.01516979,0.01179152,0.00598100,0.00987329,0.01443465,0.01050710,0.01671564,0.00496619
2016-08-24,0.00019654,-0.00003251,0.00736252,0.00850677,-0.00248830,0.00173739,-0.00275131,0.00542336,0.00121770
2016-08-25,-0.00527685,-0.00005897,-0.00085350,-0.00117662,-0.00410184,-0.00985683,-0.00379188,-0.00174149,-0.00892061
2016-08-26,-0.00555845,-0.00330465,-0.00459632,-0.00023485,-0.00227636,-0.00161287,0.00599914,-0.00565926,-0.00295580
2016-08-29,-0.00002973,0.00469639,0.00570230,0.00318925,0.00139260,0.00808710,0.00508703,-0.00042745,-0.00047733
2016-08-30,0.01524409,0.01371167,0.01171210,0.01941649,0.01851154,0.02177278,0.01768764,0.01796537,0.00995997
2016-08-31,0.00247446,0.01032773,-0.00226080,0.01034217,0.00590946,0.00476908,0.00394090,0.00633532,0.01041690
2016-09-01,0.00085220,0.00531798,0.00316768,0.00374605,0.00539957,0.00035207,0.00845649,-0.00082418,0.01317659
2016-09-02,0.00401115,0.00571728,0.00395740,0.00704627,0.01190404,0.01095409,0.01474565,0.00564390,0.01202142
2016-09-05,-0.00232934,0.00615285,0.00588998,-0.00458911,0.00319385,-0.00419514,0.00422821,0.00049441,0.00381119
2016-09-06,-0.00223705,0.00175206,-0.00213386,0.00204224,-0.00205599,0.00080508,0.00625694,-0.00122181,-0.00245485
2016-09-07,0.00816647,0.01215578,0.00670816,0.01202195,0.00888535,0.00866222,0.01078753,0.00203063,0.00511267
2016-09-08,0.00619814,-0.00048868,-0.00230958,-0.00594150,-0.00305575,-0.00320491,0.00061531,-0.00179873,0.00070150
2016-09-09,0.00195438,-0.00119707,-0.00431006,0.00209170,-0.00006217,0.00505996,0.00565236,0.00966626,-0.00748109
2016-09-12,-0.00232881,-0.00393505,0.00401451,0.00243366,0.00610995,-0.00014990,0.00134905,0.00786543,0.00284745
2016-09-13,0.00212742,-0.00191046,0.00395895,-0.00510428,0.00139142,-0.00313626,-0.01192869,-0.00484109,-0.00667846
2016-09-14,0.01192487,0.01176551,0.00284604,-0.00133981,0.00979167,0.00442093,0.00029774,-0.00181173,0.00878675
2016-09-15,-0.00814411,-0.01035265,-0.00640421,-0.01397420,-0.01419480,-0.01450289,-0.00977385,-0.00526395,-0.00711667
2016-09-16,-0.00606250,-0.00593929,-0.00477659,0.00377165,0.00034487,0.00059174,0.00317321,0.00643383,0.00363737
2016-09-19,0.00105960,-0.00721320,-0.00177590,0.00219864,0.00223865,-0.00071585,-0.00065829,-0.00343851,0.00250790
2016-09-20,-0.00266455,0.00102175,-0.00255849,0.00162375,-0.00118467,0.00499414,0.01097973,-0.00508663,0.00254468
2016-09-21,0.00365803,0.00446882,0.00336785,0.00899394,0.00619049,0.00701561,0.00034879,0.00730575,0.00696130
2016-09-22,-0.00339104,0.00264751,0.00346547,0.00852657,0.00370238,-0.00527567,0.00444129,0.00744507,-0.00239741
2016-09-23,0.00722798,0.01428504,0.00989052,0.01361230,0.01136522,0.01077502,0.01640173,0.01638529,0.01110014
2016-09-26,0.00151004,0.00954370,0.00754763,0.01213298,0.00202790,0.00326675,0.01070710,0.00904608,0.00811308
2016-09-27,0.01014311,0.00836349,0.01438403,0.00631175,0.01098814,0.01830951,0.00377246,0.00426920,0.01736009
2016-09-28,-0.00389162,-0.01116172,-0.01043027,-0.01107903,-0.00753489,-0.01283564,-0.01189759,-0.00996747,-0.00610535
2016-09-29,-0.00904199,-0.00681911,-0.01209098,-0.00479239,-0.00472623,-0.01063724,0.00106539,-0.01128159,-0.00348250
2016-09-30,0.00516678,0.00158431,0.00569851,0.00854593,0.00811080,-0.00005855,0.00472053,0.00009123,0.00188016
2016-10-03,-0.00345707,-0.00307144,-0.00477052,-0.00454878,0.00402694,-0.00382428,0.00767442,-0.00259905,-0.00497204
2016-10-04,-0.00991041,0.00241221,-0.00442267,0.00547965,-0.00001076,-0.00732711,-0.01001255,-0.00086381,-0.00750082
2016-10-05,-0.00536513,-0.00500761,-0.00197901,-0.00166253,-0.00007231,-0.00402595,0.00033930,-0.00058837,-0.00532936
2016-10-06,0.00149870,0.00448113,0.00653853,-0.00478201,0.00821192,0.00295940,0.00615328,0.00098971,0.00221924
2016-10-07,-0.00295593,0.00491179,0.00620893,-0.00008282,-0.00031218,0.00130233,-0.01101621,-0.00500274,0.00174019
2016-10-10,-0.00162540,0.00118280,0.01231846,0.00381691,0.00160518,0.00465712,0.00785834,0.00624231,0.00564397
2016-10-11,-0.00560471,-0.00512237,-0.00831369,-0.01019674,-0.01570507,-0.01264783,-0.00672661,-0.00522509,-0.00500773
2016-10-12,0.00978470,-0.00009481,0.00459777,0.00086257,0.00842957,0.00674427,0.00037078,0.00211917,-0.00008324
2016-10-13,-0.00045028,-0.00505066,0.00269076,0.00024185,-0.00505512,-0.00507048,0.00007255,-0.00251239,-0.00123438
2016-10-14,0.00081908,-0.00057543,0.00197311,-0.00036242,0.00096574,0.00477451,0.00505286,0.00132761,-0.00005831
2016-10-17,-0.00524168,0.00230480,-0.00237709,-0.00542018,-0.00861153,-0.00115232,-0.00193597,-0.00441367,-0.00988630
2016-10-18,-0.01182695,0.00283116,-0.00825994,0.00016181,-0.00751378,-0.01398961,-0.00507055,-0.00926909,-0.01004496
2016-10-19,0.01448946,0.01338363,0.01295840,0.01364876,0.01673427,0.00990812,0.01412443,0.01426037,0.01690961
2016-10-20,0.00452140,0.00843230,0.00753270,0.00467958,0.01135628,-0.00021458,0.00722791,0.00468958,0.01025299
2016-10-21,-0.00113430,0.00129276,-0.00071424,-0.00077958,0.00153003,0.00222483,0.00394121,0.00623160,0.00085471
2016-10-24,0.01212273,0.00954660,0.01166933,0.01603078,0.01198519,0.01463061,0.01463390,0.01205440,0.00834930
2016-10-25,0.00301957,0.00699924,-0.00287973,0.00867125,0.00181334,0.00017798,0.00211740,-0.00081319,-0.00156278
2016-10-26,-0.01087865,-0.01387028,-0.01194147,-0.00875359,-0.01498219,-0.00965712,-0.00833619,-0.00463167,-0.01023382
2016-10-27,0.00196113,-0.00512923,-0.00305202,-0.00585317,-0.00687231,0.00050770,-0.00368364,-0.00413770,-0.00285536
2016-10-28,-0.00368132,0.00180704,0.00037880,-0.01049888,-0.00553750,-0.00312374,-0.00071353,-0.00049108,0.00138064
2016-10-31,0.00515991,0.00692742,0.00135434,0.00147260,0.00325681,0.00387678,0.00207969,0.00163635,0.00293206
2016-11-01,-0.00743891,-0.00631571,-0.00302353,-0.00409294,-0.00643915,-0.00793544,-0.00906131,0.00033943,-0.00553260
2016-11-02,0.00369202,-0.00052827,0.00527162,-0.00797537,0.00172150,-0.00650902,-0.01104659,-0.00265752,-0.00411676
2016-11-03,0.01495475,0.01788657,0.01971583,0.01239103,0.01057881,0.00677196,0.01264219,0.00953837,0.01316555
2016-11-04,0.01323692,0.01159071,0.01294583,0.01187380,0.01591133,0.01840743,0.01469361,0.01079830,0.01364662
2016-11-07,0.01072064,0.00722591,0.01115144,0.00991901,0.01194211,0.00854511,0.01606358,0.01051390,0.00878269
2016-11-08,0.00106328,0.00021854,0.01505322,0.00506749,0.00560339,0.00982261,-0.00143875,0.00575219,0.00199387
2016-11-09,0.01182631,0.01161553,0.00018019,0.00859593,0.00615489,0.01445197,0.00640406,0.00451878,0.00258664
2016-11-10,-0.00003223,0.00090865,0.00603062,0.00281082,0.00217952,-0.00151168,0.00067312,0.00363823,0.00942236
2016-11-11,-0.00144681,0.00239288,0.00023356,0.00177736,0.00964992,0.00253763,0.00215376,0.00125160,-0.00187477
2016-11-14,0.00102227,0.00290509,0.00170232,0.00540189,-0.00473944,-0.00020644,-0.01347402,0.00257908,0.00007665
2016-11-15,0.00343855,0.00576540,0.01391386,0.00847011,0.01473064,0.00934832,0.00762386,0.01015371,0.00850311
2016-11-16,0.00136313,0.00711592,0.00295899,0.00650827,0.00456367,0.00354210,-0.00098662,0.00157409,-0.01037310
2016-11-17,0.01128764,0.00116933,0.01028725,0.00522271,0.01611961,0.00563453,0.01020756,-0.00062228,0.00680732
2016-11-18,0.00073940,-0.00788954,0.00161795,0.00417790,-0.00334325,0.00355291,0.00450411,0.00127302,-0.00442762
2016-11-21,-0.00886023,-0.01019708,-0.00913444,-0.00396329,-0.01237944,-0.00749959,-0.01135244,-0.00955866,-0.00954055
2016-11-22,0.01995340,0.01832273,0.02401950,0.02235825,0.02741526,0.02235113,0.02579071,0.01244395,0.01254152
2016-11-23,0.00026099,0.00211946,-0.00318081,0.00241069,0.00170931,0.00325766,-0.00420585,-0.00022683,0.00274172
2016-11-24,-0.00366610,-0.00309684,-0.00460039,-0.00277692,-0.00135358,-0.00593651,-0.00318621,-0.00900439,0.00103575
2016-11-25,0.03009765,0.01715547,0.02158796,0.02252527,0.01976173,0.01766173,0.01623998,0.02124714,0.02115263
2016-11-28,0.00584329,0.00040893,0.00265329,-0.00064566,0.00799382,-0.00262503,0.00523942,0.00635182,0.00373503
2016-11-29,0.00062438,-0.00253577,0.00230650,0.00336073,0.00198933,-0.00007607,-0.00034065,0.00327252,-0.00066005
2016-11-30,-0.00330456,-0.01242276,-0.00296935,-0.00334625,-0.00478348,-0.00953752,-0.00414822,-0.01070845,-0.00058683
2016-12-01,0.00705852,0.00849343,0.00112451,0.00633129,0.00538019,0.00819032,0.01219256,0.00150775,0.00428724
2016-12-02,-0.00884744,-0.01397593,-0.01463880,-0.01646128,-0.01350673,-0.01406777,-0.01124703,-0.00811970,-0.01289534
2016-12-05,0.00182171,0.01602070,0.00319026,0.01163695,0.00363013,0.00696001,0.00254679,0.00856150,0.00710636
2016-12-06,-0.01653536,-0.00612674,-0.00796016,-0.00739211,-0.00771797,-0.01032455,-0.01218755,-0.02116964,-0.02014042
2016-12-07,0.01400889,0.00595094,0.01213644,0.01113286,0.00813414,0.00559071,0.00669917,0.01160835,0.00276055
2016-12-08,-0.00083214,-0.00579993,-0.00695618,0.00412665,-0.00421947,0.00092211,0.00179655,0.00458016,-0.00456093
2016-12-09,-0.01199891,-0.00712049,-0.01612402,-0.01244286,-0.01168617,-0.01968391,-0.01775004,-0.02304490,-0.00903248
2016-12-12,-0.00345728,-0.00585117,-0.00935124,-0.00480207,-0.00872061,0.00012883,-0.00362852,-0.01063930,-0.00864028
2016-12-13,-0.00748811,-0.00396365,-0.01660144,-0.01444985,-0.00593330,-0.01174917,-0.00604554,-0.00593796,0.00169138
2016-12-14,-0.00165284,-0.00154423,-0.00260783,-0.00936715,-0.00787880,0.00157766,-0.00575887,-0.00870452,-0.00064603
2016-12-15,-0.00448781,-0.00412584,-0.00323285,-0.00589749,-0.00739789,-0.00050487,-0.01172107,-0.01279136,0.00012028
2016-12-16,-0.00633150,-0.00190084,0.00388051,-0.00576643,-0.00567851,0.00064785,-0.00237232,0.00379019,0.00255403
2016-12-19,0.00387375,0.00161535,-0.00215348,0.00299219,-0.00090208,0.00636485,0.00186176,0.00419527,0.00477624
2016-12-20,-0.00217407,-0.00335723,-0.00305215,-0.00081289,-0.00448001,-0.00321306,-0.00136991,-0.00213003,0.00095664
2016-12-21,0.00274254,-0.00336321,-0.00986972,-0.00589907,0.00018346,-0.00260177,-0.00272604,0.00202234,-0.00203175
2016-12-22,-0.01181311,-0.01640802,-0.02125165,-0.02347215,-0.01894918,-0.01677864,-0.01887154,-0.01901644,-0.01882673
2016-12-23,0.00559853,0.00307418,-0.00012458,0.00024128,0.00144360,-0.00092664,0.00566579,-0.00251831,0.00639986
2016-12-26,0.01735953,0.01747846,0.01217884,0.00834733,0.01548109,0.01212969,0.01775982,0.01128599,0.01897051
2016-12-27,0.00634502,-0.00147943,0.00437535,0.00056534,-0.00321130,0.00450329,0.00343938,0.00257179,-0.00134199
2016-12-28,-0.00224165,-0.00192444,-0.00275080,0.00607438,-0.00031882,0.00650599,-0.00522667,0.00054752,-0.00300315
2016-12-29,-0.00717052,0.00313383,0.00077740,-0.00968962,-0.01139832,-0.00426252,-0.01276659,-0.00749017,-0.01158783
2016-12-30,0.00457288,0.00510320,0.00146995,0.00521043,0.00564632,0.00585570,0.00862503,0.01439017,0.00595950
2017-01-02,-0.02117081,-0.01510667,-0.00903183,-0.00980816,-0.02000093,-0.01346386,-0.01579024,-0.00574221,-0.01503210
2017-01-03,0.00707404,0.00625806,-0.00218119,0.00174553,0.00421047,0.00411873,0.00313759,-0.00239255,0.00061675
2017-01-04,-0.00457014,-0.00242459,0.00257706,0.00059403,-0.00221166,-0.00191245,0.00169686,0.00075294,0.00115150
2017-01-05,-0.00980578,-0.00126623,-0.00361224,-0.00057484,-0.00696625,-0.00550523,-0.00095763,-0.00923147,-0.00615710
2017-01-06,-0.00172085,0.00562188,0.00152394,-0.00146262,0.00059670,0.00310709,0.00421799,0.00508161,0.00309585
2017-01-09,-0.00908594,-0.01499338,-0.00152396,-0.00809716,-0.00898532,-0.00518782,-0.00021732,-0.00598613,-0.00573335
2017-01-10,-0.00812051,-0.00979686,-0.00906726,-0.01338152,-0.00321298,-0.00492349,-0.00823160,-0.00753718,-0.01185443
2017-01-11,0.00233967,0.00305663,0.00377348,0.00636275,0.00916889,0.00098016,-0.00325604,0.00343025,0.01021513
2017-01-12,0.00664397,0.01211723,0.00851920,0.00667615,0.01194079,0.01544714,0.00811855,0.00873218,0.00847268
2017-01-13,-0.00931955,-0.00596882,-0.00609747,-0.01466879,-0.01186619,-0.00810481,-0.01010306,-0.00971507,-0.00808949
2017-01-16,-0.00701261,-0.00649822,-0.00415840,0.00001637,0.00596165,-0.00317789,-0.00470901,-0.00545205,-0.00262828
2017-01-17,0.00421316,0.01313079,0.00711675,0.01575308,0.01344063,0.01548207,-0.00075633,0.00314627,0.01073179
2017-01-18,-0.00779126,-0.00581651,-0.00049283,-0.00146337,0.00373049,-0.00583227,0.00137583,-0.00674241,-0.00075284
2017-01-19,-0.02150058,-0.01258423,-0.01874658,-0.01013134,-0.01245166,-0.01917022,-0.01076028,-0.01755752,-0.02114686
2017-01-20,0.00834775,0.00762645,0.01087102,0.00620958,0.00669099,0.00960991,0.01139333,0.00974736,0.01203699
2017-01-23,-0.00032513,0.00526420,0.00318158,0.00528025,0.00057822,-0.00567196,0.00523493,0.00018216,-0.00765474
2017-01-24,0.01461123,0.01086991,0.01318786,0.01433431,0.00927796,0.01058684,0.01791915,0.01657685,0.01512666
2017-01-25,-0.00533432,-0.00286935,-0.00118098,0.00164038,-0.00550801,-0.00659286,-0.00220158,-0.00448875,-0.00800425
2017-01-26,-0.00277752,-0.00163118,-0.00189788,-0.00438340,-0.00065190,0.00324504,0.00412230,0.00015907,-0.00469080
2017-01-27,-0.01452518,-0.01524015,-0.00833746,-0.00408884,-0.00789917,-0.01047432,-0.01208143,-0.01122128,-0.00557607
2017-01-30,0.00593183,-0.00081203,-0.00240342,-0.00184426,0.00012484,-0.00662423,-0.00403518,-0.00597211,-0.00818852
2017-01-31,-0.01879570,-0.01573885,-0.01102691,-0.02708846,-0.02191125,-0.01502868,-0.01088407,-0.01432597,-0.01172562
2017-02-01,0.01120684,0.01207064,0.00677573,0.01601619,0.01514284,0.01099633,0.00949521,0.01115386,0.01350993
2017-02-02,0.00168446,0.00258991,0.00453858,0.00390566,0.00992986,-0.00037447,-0.00682352,0.00132963,0.00617162
2017-02-03,-0.00630573,-0.00560751,-0.00463369,-0.00520461,-0.00898349,-0.00168936,-0.01416854,-0.01123785,-0.01144269
2017-02-06,-0.00178641,0.00012242,-0.00517763,-0.00277268,-0.00441009,-0.00236480,-0.00710936,0.00653793,-0.00386549
2017-02-07,0.00040759,-0.00951381,0.00123321,-0.00329434,0.00084399,-0.00949870,-0.00273524,-0.00048582,-0.00434070
2017-02-08,0.00535874,-0.00264774,0.00201257,0.01126710,0.00433981,0.00535552,0.01036625,0.00754736,0.00675446
2017-02-09,-0.00081158,0.00393504,0.00934749,0.00317988,0.00315283,-0.00036486,0.00556949,0.00332764,0.00112620
2017-02-10,-0.00034996,0.00830645,0.00626763,0.00494358,0.00921152,0.00508431,0.01145804,0.00497734,0.00685730
2017-02-13,-0.00755122,-0.00912360,-0.00516160,-0.01293791,-0.00494968,-0.00764905,-0.00661675,-0.01358102,-0.01477432
2017-02-14,0.00070917,-0.00273037,0.00506537,-0.00949168,-0.00539929,-0.00960534,-0.00638911,-0.00881822,-0.00298567
2017-02-15,-0.00209009,-0.00540299,-0.00924956,-0.00502913,-0.01485455,-0.00837829,-0.00179866,-0.01010350,-0.00702898
2017-02-16,-0.00176777,-0.00104411,-0.00128172,0.00093520,0.00640657,0.00971281,0.00557750,0.00376816,0.00361120
2017-02-17,0.00994686,0.00634838,0.00774506,0.00997791,0.01233160,0.01372687,0.01058099,0.00615575,0.00999233
2017-02-20,-0.00204688,0.00125609,-0.00385807,0.00214888,0.00096837,-0.00394427,-0.00425986,-0.00113597,-0.00177983
2017-02-21,0.00654965,0.00363381,0.00982813,0.00844715,0.00454728,0.01020245,0.00703570,0.00608388,0.00530167
2017-02-22,0.00177855,0.00443495,-0.00032113,0.00072328,0.00606456,0.00823389,0.00365343,-0.00078562,0.00456271
2017-02-23,0.00270969,-0.00685673,0.00283324,-0.00693435,0.00222542,-0.00235427,-0.01006011,-0.00636554,-0.00475992
2017-02-24,0.00040867,0.00333708,-0.00556686,-0.00158402,-0.00260887,0.00570935,0.00003861,-0.00411600,-0.00478948
2017-02-27,-0.00755550,-0.01308639,-0.01317686,-0.01025393,-0.00573325,-0.00488703,-0.00102162,-0.00517728,-0.00542893
2017-02-28,-0.00536779,0.00631780,-0.00010532,-0.00092020,0.00290763,-0.00076898,-0.00413531,0.00002099,0.00068892
2017-03-01,0.00840357,0.01008423,0.00503042,0.00281914,0.00808237,0.00486926,0.00647486,0.00501046,0.00963488
2017-03-02,0.01212146,0.00852942,0.00375797,0.00782240,0.01208746,0.00422013,0.00182476,0.00276388,0.01215559
2017-03-03,0.00387488,0.00045054,0.00353661,0.00545400,-0.00177444,0.00842912,0.00355088,0.00512575,0.00640219
2017-03-06,-0.00795234,-0.00749770,-0.00020844,-0.00303520,-0.00601571,-0.00634068,-0.00027589,0.00060996,-0.00308720
2017-03-07,0.00825644,0.00561648,0.01130749,0.01124285,-0.00118857,0.01550395,0.00758005,0.00269062,-0.00199024
2017-03-08,0.01945606,0.01579409,0.01436166,0.01693785,0.02134762,0.01696242,0.01430888,0.01443260,0.01081783
2017-03-09,-0.00103933,0.00784115,0.00367466,0.00295574,-0.00554906,0.00209180,0.00011624,-0.00250283,0.00197845
2017-03-10,-0.01586726,-0.01723037,-0.01323268,-0.01515517,-0.02592629,-0.01284337,-0.01495272,-0.01143167,-0.02168774
2017-03-13,-0.00039027,0.00475038,0.00727684,-0.00190949,0.00188913,0.00112133,0.00716923,-0.00215011,0.00035493
2017-03-14,-0.01462670,-0.01447425,-0.01186298,-0.01598848,-0.00849346,-0.01309247,-0.01744280,-0.01798170,-0.00769162
2017-03-15,0.00328671,-0.00734672,-0.01066725,-0.00413551,0.00189864,-0.00485261,0.00141959,-0.00353662,-0.00698214
2017-03-16,-0.00471923,-0.01092168,-0.00145274,-0.00189507,-0.01030187,-0.00221312,-0.01298424,-0.00970672,-0.00758256
2017-03-17,0.01277992,0.01151368,0.00843424,0.01159391,0.01741955,0.01591943,0.01504518,0.01501469,0.01492882
2017-03-20,0.00256859,-0.00566267,0.00405726,-0.00061584,0.00598618,0.00322008,0.00240509,0.00421122,0.00783292
2017-03-21,-0.00794041,-0.01210961,-0.00310242,-0.00082240,-0.00627147,-0.00802175,-0.00626143,-0.00539920,-0.00759274
2017-03-22,0.00451199,0.00436106,0.00039754,0.00725691,0.00077360,0.00183177,-0.00091551,0.00658341,0.00119064
2017-03-23,0.00523027,0.00783085,0.00364763,0.00812017,0.00845833,0.00882698,0.00445193,0.00030256,0.00997304
2017-03-24,-0.00279036,-0.00619041,-0.00258840,0.00068480,0.00519128,0.00189597,0.00155768,0.00548926,0.00237120
2017-03-27,0.01321820,0.00979589,0.01427707,0.01241687,0.01052533,0.01357566,0.00232125,0.01069579,0.01469380
2017-03-28,0.00000875,0.00141899,0.00557500,-0.00371612,0.00080955,0.00186581,0.00497584,0.00110917,-0.00054921
2017-03-29,-0.00401498,-0.00374204,-0.00206584,-0.00885177,-0.01471415,-0.00647020,-0.00995671,-0.00131487,-0.01156623
2017-03-30,-0.00076417,-0.00176672,0.00040701,0.00191047,-0.00181153,-0.00581979,-0.00554956,-0.00132697,-0.00096915
2017-03-31,0.01332174,0.01098383,0.00782871,0.01040517,0.00823688,0.00743279,0.01001685,0.01094767,0.01282128
2017-04-03,-0.00662767,-0.00011479,-0.00149659,0.00294028,0.00415411,0.00397895,-0.00469563,-0.00518659,-0.00562411
2017-04-04,0.00115932,0.00567398,0.00252028,0.00026846,0.00567902,0.00184044,0.00953935,0.00790424,0.00382650
2017-04-05,-0.01190643,-0.00080409,-0.00612919,-0.00639258,-0.00200373,-0.00089767,-0.00164729,-0.00378102,-0.00406168
2017-04-06,-0.00054213,0.01125945,-0.00352023,0.00679742,-0.00073026,-0.00206918,-0.00344240,0.00132552,-0.00298341
2017-04-07,0.00534907,-0.00499129,0.00166000,-0.00782348,-0.00593296,-0.00112088,-0.00523739,-0.01638405,-0.00632913
2017-04-10,0.00816890,0.00802498,0.00886178,0.00238492,0.00595842,0.00765577,0.00885869,0.00763217,0.00074162
2017-04-11,-0.00298126,-0.00844449,-0.01059830,-0.00600137,-0.00283671,-0.01436088,-0.00887768,-0.00762510,-0.01208296
2017-04-12,0.00858812,0.01215370,0.00379516,0.01051965,0.00326951,0.00893601,0.00838257,0.01283338,0.00749141
2017-04-13,-0.00004563,0.00315302,0.00466001,-0.00166524,0.00385870,0.00081351,-0.00605576,-0.00314009,0.00724429
2017-04-14,-0.00790079,-0.00934347,-0.01241758,-0.01281322,-0.01086018,-0.01386696,-0.00753198,-0.00444881,-0.01108562
2017-04-17,0.00910305,0.00900170,0.00775845,0.00786819,0.01118833,0.00364867,0.01024030,0.00468734,0.01051448
2017-04-18,-0.00804303,-0.01541533,-0.00878437,-0.00973809,-0.00887832,-0.01298880,-0.01250204,-0.01035461,-0.00665847
2017-04-19,-0.01260889,-0.00446461,-0.00917046,-0.00943105,-0.00882774,-0.01079637,-0.01227751,-0.00645596,-0.00893312
2017-04-20,-0.00042904,-0.00356473,0.00383062,-0.00017234,-0.00400886,-0.00025412,-0.00429577,-0.00118372,0.00476048
2017-04-21,0.00625688,0.01548986,0.00612801,0.01239696,0.01500993,0.01119325,0.01279273,0.01467717,0.01900686
2017-04-24,0.01636714,0.01108444,0.01489905,0.01859269,0.01638133,0.01469174,0.01406589,0.01682244,0.00959707
2017-04-25,0.00159694,0.00562374,0.00715678,0.00093455,0.00844548,0.00092526,0.00012373,-0.00349613,0.00077303
2017-04-26,0.01024323,-0.00048002,-0.00047360,0.00956618,-0.00166857,-0.00453987,0.00205712,0.00840031,-0.00575732
2017-04-27,-0.00381144,-0.00132710,-0.00130372,-0.00035507,-0.00056132,0.00287795,-0.00164282,0.00213756,0.00080833
2017-04-28,0.00398026,0.00728779,0.00788629,0.00323894,0.01470181,0.00634345,0.01497275,0.00420360,0.00863211
2017-05-01,0.00465179,0.00922007,0.00874820,0.00170866,0.00097543,0.00836076,0.00131772,0.00091792,0.00067887
2017-05-02,0.01067344,0.00054172,0.00012717,0.00564236,0.00096235,0.00829214,0.00355810,0.01454814,0.00182795
2017-05-03,-0.00064916,0.00451079,0.01287094,-0.00067171,0.00383529,0.01187462,-0.00243912,0.00812149,0.00439189
2017-05-04,0.00105550,-0.00018585,0.00487338,-0.00165715,0.00821087,0.00677823,0.00156147,0.00700270,-0.00258229
2017-05-05,-0.00788025,-0.01186498,-0.01198060,-0.01039047,-0.00795385,-0.01651493,-0.01365051,-0.00200366,-0.01366115
2017-05-08,0.00293721,-0.00131009,0.00518320,0.01391962,0.00833918,0.00552192,0.00040462,0.01063611,0.00287226
2017-05-09,0.00586309,0.00652980,0.00129538,0.00648267,0.00340911,0.00731767,-0.00110137,0.00354996,0.00938527
2017-05-10,-0.00819795,-0.01359597,-0.01087015,-0.00606154,-0.01137789,-0.01047895,-0.01049610,-0.01334856,-0.01277843
2017-05-11,0.00228813,-0.00376360,-0.00191194,0.00035922,0.00469161,0.00124022,0.00515793,-0.00727102,-0.00411396
2017-05-12,-0.00320220,-0.00966386,-0.00819902,-0.00474956,-0.00669535,-0.00527987,-0.00658153,-0.00157888,0.00648689
2017-05-15,0.01385708,0.00651395,0.00997686,0.01294957,0.00339291,0.00680085,0.01077313,0.01047573,0.00910715
2017-05-16,-0.00699429,0.00507146,0.00121477,-0.00191781,-0.00288912,-0.00054305,-0.00183514,-0.00715136,-0.00212852
2017-05-17,0.00809511,0.00850869,0.02111857,0.01190073,0.00357770,0.00590042,0.00837997,0.00049005,0.01564883
2017-05-18,-0.01131139,-0.00534406,-0.00054081,-0.00330398,0.00230625,-0.00194557,-0.00906113,-0.00148390,-0.00853314
2017-05-19,0.00381407,0.00616075,-0.00196722,0.00455039,0.00223880,0.00505227,0.00290490,0.00428595,0.01345121
2017-05-22,-0.00968497,-0.01355650,-0.01030827,-0.00947124,-0.01899269,-0.00842505,-0.01176657,-0.01564533,-0.01720942
2017-05-23,-0.00279681,-0.00010131,-0.00684854,-0.00095551,-0.00305248,0.00220444,-0.00049720,0.00797883,0.00134447
2017-05-24,-0.00034844,0.00414875,-0.00213289,-0.00423089,0.00302742,-0.00488389,0.00215179,-0.00345647,0.00338920
2017-05-25,-0.00818404,-0.01014725,-0.01632743,-0.01211840,-0.00973421,-0.00400982,-0.01020760,-0.00028860,-0.00300606
2017-05-26,0.00979715,0.00725236,0.01724933,0.01612244,0.01279119,0.01671428,0.01025233,0.00732969,0.01740368
2017-05-29,-0.00742116,-0.00419903,-0.00882297,-0.00531639,-0.01500222,-0.00613844,-0.00651450,0.00090083,-0.00693739
2017-05-30,0.00541153,-0.00029600,0.00363887,0.00630781,0.00824242,0.00903618,0.00351151,0.00396186,0.00233107
2017-05-31,0.00016819,-0.00813871,0.00205024,0.00341289,0.00253856,-0.00166327,0.00158878,0.00022602,-0.00269668
2017-06-01,-0.00057869,0.00798069,0.00346451,0.01027296,0.00455062,-0.00163366,0.00278100,-0.00149390,0.00569099
2017-06-02,-0.00418409,-0.00434986,-0.00537766,-0.00932837,-0.00477659,-0.01177013,-0.01726505,-0.00923091,-0.01149255
2017-06-05,0.00619016,-0.00166973,-0.00172218,0.00393970,0.00337694,0.00902082,0.00083845,0.00747417,-0.00230455
2017-06-06,0.00669806,0.00285791,0.01057062,0.01241709,0.00460360,0.01060189,0.00336474,0.00504346,0.00556662
2017-06-07,-0.00961022,-0.00767651,-0.00424498,-0.00320609,-0.00417175,-0.00219136,-0.00250809,-0.00857224,0.00184937
2017-06-08,-0.00365404,-0.00709060,-0.00053617,-0.00100829,0.00021110,-0.00562922,0.00507004,-0.00380558,0.00522336
2017-06-09,0.01418924,0.01345841,0.00166502,0.01236857,0.00998828,0.01881995,0.01158473,0.00767964,0.00830918
2017-06-12,0.01282180,0.01261031,0.01446673,0.02421625,0.01842277,0.00970117,0.01949527,0.01320887,0.02207701
2017-06-13,-0.00358479,0.00718542,0.00576105,0.00796796,0.00714138,0.00300253,0.00171547,-0.00166102,0.00832836
2017-06-14,0.01229591,0.00201446,0.00429005,-0.00175362,0.00029186,0.00127314,0.01055212,0.00777103,0.00425941
2017-06-15,0.00251540,-0.00717902,-0.00173200,-0.00785044,-0.01039027,0.00168900,-0.00306880,0.00378774,-0.00753945
2017-06-16,0.00513246,0.00683546,0.00454232,0.00966800,0.00708662,0.00618989,0.01162621,0.00194917,0.00368269
2017-06-19,-0.00182491,-0.00695473,-0.00761898,-0.00860875,-0.00530011,-0.00956093,-0.00357559,-0.01766639,-0.00459464
2017-06-20,-0.00712384,0.00845425,0.00052138,-0.00815001,0.00078451,-0.00325717,0.00339275,-0.00641505,-0.00028557
2017-06-21,-0.00077952,0.00621625,-0.00712525,0.00253907,0.00875408,0.01043117,-0.00129484,0.01248271,0.00224108
2017-06-22,0.00254540,-0.00090324,-0.00048343,0.00002550,-0.00050872,0.00294406,-0.00285711,-0.00371344,0.00380342
2017-06-23,0.00897948,0.01008373,0.00345618,0.00596475,0.00949684,0.01069531,0.00632257,0.00526922,0.00918496
2017-06-26,-0.00602157,-0.01064296,-0.01637830,0.00251862,-0.01289672,-0.00577522,-0.00999017,-0.00191771,-0.01342311
2017-06-27,0.00709759,0.00147890,0.01108806,0.00421488,0.00449228,0.01047370,0.00530247,0.00548622,0.00550144
2017-06-28,0.00339280,0.00256304,-0.00058537,0.00088138,0.00301859,0.00542294,0.00034703,-0.00057912,-0.00321838
2017-06-29,0.00743851,-0.00370878,-0.00585673,0.00376895,-0.00346642,-0.00285563,0.00041054,0.00101351,-0.00041905
2017-06-30,-0.01867727,-0.01652125,-0.01037397,-0.01559302,-0.01927939,-0.01111308,-0.01560913,-0.01756752,-0.01707603
2017-07-03,-0.00237800,-0.00087434,0.00320838,0.00569920,-0.00308071,-0.00003877,-0.00173697,0.00046518,-0.00224664
2017-07-04,-0.00722394,-0.00116678,-0.00048975,0.00084866,-0.00289811,-0.00023149,-0.00684260,-0.00821263,0.00078822
2017-07-05,0.01390823,0.00714474,0.01107406,0.01716972,0.00760048,0.00661155,0.00754479,0.01977241,0.01074184
2017-07-06,0.01277578,0.01175649,0.01381376,0.02281921,0.01046537,0.01719796,0.01127904,0.01843241,0.02307285
2017-07-07,-0.00397441,-0.00141722,-0.00452018,-0.00654448,-0.00757356,-0.00124765,-0.01096245,-0.00182986,-0.00181240
2017-07-10,-0.00050940,-0.00000449,-0.00319463,-0.00506235,-0.00842093,-0.00336734,-0.00190568,-0.00489706,-0.00376863
2017-07-11,-0.00274982,0.00431048,-0.00223686,0.00326210,-0.00235068,-0.00350218,-0.00490329,-0.00193039,-0.00303473
2017-07-12,-0.01215531,-0.00584080,-0.00847623,-0.00061228,-0.00601586,-0.00482591,-0.00543988,-0.00243191,-0.00688178
2017-07-13,0.00671216,0.00057813,0.00423327,-0.00195971,0.00660113,0.00325980,0.00596751,0.00522782,-0.00261265
2017-07-14,-0.00022128,0.00535483,-0.00219637,0.00536159,-0.00417159,0.00127243,0.00135451,-0.00448404,-0.00331538
2017-07-17,-0.01534139,-0.01236892,-0.02237828,-0.01367803,-0.01576086,-0.01103560,-0.01789281,-0.01423246,-0.00533681
2017-07-18,-0.01279132,-0.01046560,-0.00968006,-0.00438754,-0.01211643,-0.01040140,-0.01000923,-0.00912133,-0.00933121
2017-07-19,0.00705843,0.00343389,0.00595668,-0.00406655,0.00203017,0.00043950,-0.00164109,-0.00064343,-0.00124271
2017-07-20,0.01124257,0.01169133,0.00894505,0.00521557,0.00015303,0.00795843,0.01351974,0.00671693,0.00680585
2017-07-21,0.00461201,0.00918838,0.00045377,0.01387966,0.00579514,0.00072806,0.00994371,0.00404364,0.00450403
2017-07-24,0.00387369,0.00140751,-0.00180450,0.00085695,0.00541971,0.00196358,-0.00263034,0.00389162,-0.00536666
2017-07-25,-0.00572177,-0.00392622,-0.00529695,0.00300722,-0.00526508,-0.00230771,0.00327219,-0.00316756,0.00275625
2017-07-26,0.00042229,-0.00124205,0.00371893,-0.00104148,0.00217776,0.00904640,0.00686344,-0.00436855,0.00276741
2017-07-27,0.00808775,0.00860104,0.00664018,0.00800346,0.00602429,0.00763894,0.00774678,0.00737474,0.00492867
2017-07-28,0.01581411,0.01002449,0.01733947,0.01640960,0.01378352,0.01564417,0.01221895,0.01660714,0.01629611
2017-07-31,0.00141314,0.00466861,0.00252150,0.00098301,0.00047857,-0.00034130,0.00324468,0.00773671,-0.00051287
2017-08-01,-0.01265705,-0.01481778,-0.01421205,-0.02079717,-0.01957733,-0.01760216,-0.01019925,-0.01945959,-0.00979084
2017-08-02,-0.00955075,0.00151976,-0.01360138,-0.00319639,-0.00475041,-0.01148662,-0.01138907,-0.01028273,-0.00571563
2017-08-03,-0.00194818,-0.00561308,-0.00827197,-0.01461710,-0.01143977,-0.00630985,-0.00960425,-0.01430861,-0.00021947
2017-08-04,0.00147799,0.00093000,-0.00131642,0.00278458,-0.00169957,0.00199603,0.00768616,0.00567120,0.00981621
2017-08-07,0.01495065,0.00802088,0.01096967,0.01183203,0.00252744,0.00284338,0.01149266,0.01004954,0.00333622
2017-08-08,-0.00420435,-0.01103832,-0.00131093,0.00032006,0.00116676,-0.00074398,-0.00193380,-0.00807255,-0.00209812
2017-08-09,-0.00957055,-0.00621028,-0.01464233,-0.01033086,-0.00395287,-0.00940098,-0.00456855,-0.00171530,-0.00974535
2017-08-10,0.00734622,0.00438959,-0.00587191,0.01018048,0.00580417,0.01157393,0.00524426,0.00689979,0.01325232
2017-08-11,-0.00804693,-0.00676606,-0.01306292,-0.01144790,-0.00470885,-0.00705447,-0.01566389,-0.01753058,-0.00700293
2017-08-14,-0.00066357,0.00079107,-0.00283253,-0.00508338,-0.00238129,-0.00167593,0.00272455,0.00240880,0.00108044
2017-08-15,-0.00409377,-0.00141937,-0.00388513,-0.00302495,-0.00125012,0.00742520,0.00121779,0.00915951,-0.00859588
2017-08-16,0.00497497,0.00459723,0.02082914,0.00136372,0.00564788,0.01531691,0.01453109,0.00080900,0.01230427
2017-08-17,0.01554035,0.00227096,0.00733446,0.00337411,0.00678180,-0.00386649,0.00392676,0.00324808,0.00860164
2017-08-18,-0.00674648,0.00444665,-0.00211287,0.01355282,0.00286750,0.00250548,0.00678615,0.00558585,-0.00500040
2017-08-21,0.00944663,0.00487885,0.00901454,0.00332053,0.00578613,0.00729101,-0.00212136,0.00518752,0.00869935
2017-08-22,-0.00929565,-0.01044691,-0.00407174,-0.00890704,-0.00213031,-0.00595694,0.00276696,-0.00833944,-0.00119219
2017-08-23,-0.01331666,-0.01732992,-0.01309238,-0.00627758,-0.01435838,-0.00533654,-0.00930686,-0.01851236,-0.00920728
2017-08-24,-0.00761917,-0.00415681,-0.00301805,-0.00268564,-0.00103049,-0.00489976,-0.00509037,-0.00640278,0.00408344
2017-08-25,-0.01384060,-0.01023518,-0.01591518,-0.01854238,-0.01345211,-0.01764047,-0.02017745,-0.01345411,-0.00702936
2017-08-28,-0.01305174,-0.00105925,-0.01095307,-0.01238849,-0.01075994,-0.00871742,-0.00895005,-0.01542241,-0.01266679
2017-08-29,-0.00559076,0.00498456,-0.00207952,0.00181169,-0.00387559,0.00630314,0.00185311,0.00272835,-0.00656862
2017-08-30,0.00108959,0.00473591,-0.00500968,-0.00724345,-0.00367108,-0.00163516,-0.00231075,-0.00684549,-0.00470581
2017-08-31,0.00133011,-0.00004467,0.00325581,-0.00006984,-0.00440177,0.00259437,-0.00612210,0.00006591,-0.00819466
2017-09-01,0.01331618,0.01189486,0.00765207,0.00159676,0.00666639,0.01364229,0.00311050,0.00708161,0.00579540
2017-09-04,0.00231640,-0.00111335,0.00439650,0.00711618,0.00102218,0.01089143,0.00309075,-0.00418898,-0.00686961
2017-09-05,0.00925473,0.01161109,0.00450420,0.00295397,0.00290172,0.00356699,0.00313377,-0.00253562,0.00066476
2017-09-06,-0.00894933,0.00066065,-0.00964088,-0.00932591,-0.00015582,-0.01172655,-0.00432414,-0.00514656,-0.00914117
2017-09-07,-0.00524326,-0.00962999,-0.01477194,-0.01806536,-0.00954987,-0.01503609,-0.02062106,-0.01493618,-0.01224569
2017-09-08,0.00156289,-0.00786254,-0.00182842,-0.00432462,-0.00187003,-0.00177111,-0.00993988,-0.00843662,-0.00403274
2017-09-11,-0.00450285,-0.00915128,-0.00041384,-0.00521575,-0.00769297,-0.00362134,-0.00045791,-0.00386682,-0.00005535
2017-09-12,0.00455822,0.00704292,0.00344904,-0.00181532,-0.00068296,-0.00091687,0.00168039,-0.00705913,-0.00787363
2017-09-13,0.00241379,0.00865500,0.00719699,0.00352071,0.00047475,-0.00010283,0.00546506,0.00460147,-0.00125163
2017-09-14,0.00110079,-0.00477815,0.00278770,0.00301187,-0.00151824,0.00392322,-0.00327994,0.00028585,0.00323584
2017-09-15,0.00018569,-0.00025407,0.00106313,0.01110454,0.00363202,0.00182808,0.00116980,0.00169608,0.00898514
2017-09-18,-0.00014917,0.00916798,-0.00327073,-0.00391624,0.00210379,-0.00499910,-0.00423178,0.00524160,-0.00322354
2017-09-19,0.00337245,-0.00110800,0.00543205,0.00202123,0.00005611,0.00290355,0.00274528,0.00027073,0.00609511
2017-09-20,-0.00367550,-0.00907069,-0.00325588,0.00019209,0.00100456,0.00409166,-0.00391812,0.00278777,0.00340076
2017-09-21,-0.00707813,-0.01242846,-0.00886023,-0.00680428,-0.00800354,-0.01179926,-0.01603994,-0.00572178,-0.01785757
2017-09-22,0.00338958,0.01705923,0.00937457,0.01310071,0.00855844,0.01056001,0.01709420,0.01194781,0.00650017
2017-09-25,-0.01256413,-0.00874938,-0.00653415,-0.00664943,-0.01335199,-0.00345603,-0.01074606,-0.01381091,-0.00622094
2017-09-26,0.01258458,-0.00028384,0.01006932,0.01567407,0.01438564,0.01569808,0.00022826,0.00514671,0.01337804
2017-09-27,-0.01734296,-0.01475275,-0.02147796,-0.01730939,-0.01754462,-0.01556028,-0.01956408,-0.01704315,-0.01385930
2017-09-28,0.00793610,0.01427831,0.01555075,0.00727729,0.00648524,0.01458197,0.01403118,0.01132743,0.01191123
2017-09-29,-0.00947394,-0.00886177,-0.00614479,-0.00271671,-0.00518026,-0.00357741,-0.00889461,-0.00797888,-0.00892407
2017-10-02,-0.01393356,-0.00435249,-0.01238610,-0.00996631,-0.01097279,-0.00687629,-0.00785614,-0.01356324,-0.00974778
2017-10-03,0.00176267,0.00741679,0.00814580,0.00810938,-0.00110931,-0.00353966,-0.00246857,0.00330065,0.00114081
2017-10-04,-0.00556245,0.00674307,0.00700855,0.01325620,-0.00048575,-0.00247676,0.00594965,0.00574754,0.00873592
2017-10-05,0.00432557,0.00231032,0.00535424,0.00135486,0.00966116,0.00856488,0.00747103,0.01005282,0.00077450
2017-10-06,-0.01410323,-0.01390616,-0.01320164,-0.01014807,-0.01834766,-0.01477668,-0.01037079,-0.01311997,-0.01599238
2017-10-09,-0.00670892,-0.00754562,-0.01128244,-0.00077196,-0.00768874,-0.00565900,-0.00681534,-0.00691556,-0.01113150
2017-10-10,0.00692515,0.00581542,0.00265316,0.00289495,-0.00210435,0.00619442,0.01307181,0.00783896,0.00587540
2017-10-11,-0.00070691,-0.00255629,-0.00015695,0.00346568,-0.00202490,-0.00138572,-0.00347428,-0.00295508,-0.00276066
2017-10-12,0.01778827,0.00255700,0.01372804,0.01192801,0.00686828,0.01142474,0.00413281,0.00599773,0.01121848
2017-10-13,-0.00681985,-0.00797446,-0.00597091,-0.00861561,-0.00555907,0.00004840,-0.01068922,-0.00213000,-0.00537796
2017-10-16,-0.01116884,-0.00577181,-0.00682504,-0.00950148,-0.00946051,-0.00823640,-0.01030042,-0.00563381,-0.01104268
2017-10-17,-0.01118579,-0.00640363,-0.00300755,-0.00444186,-0.00427756,0.00048179,-0.00736095,-0.00167744,-0.00327212
2017-10-18,-0.00211477,0.00486019,-0.00534756,0.00335715,0.00772442,-0.00127416,0.00187629,-0.00027031,0.00529021
2017-10-19,0.01082151,0.01486311,0.01731434,0.00783298,0.00262814,0.01353966,0.00652020,0.01569478,0.01112138
2017-10-20,-0.00446862,-0.00998054,-0.00336188,-0.00656930,-0.01394700,-0.00394173,-0.00632507,-0.01861331,-0.00581696
2017-10-23,0.01045787,0.00250371,0.01506336,0.00796214,0.01997546,0.00513848,0.01129774,0.01196446,0.01511606
2017-10-24,-0.00181858,-0.00798650,-0.00653985,0.00387812,-0.00416280,-0.00151931,-0.00619011,0.00179654,-0.00720575
2017-10-25,-0.00176186,0.00329699,0.00015021,-0.00348106,0.00153038,0.00544684,0.00602995,0.00341434,0.00296971
2017-10-26,0.00334850,0.00488766,0.00059767,-0.00276344,0.00033053,0.00086679,0.00177991,0.00568562,0.00226721
2017-10-27,-0.00527521,0.00001546,-0.00229289,-0.01331351,-0.00547176,-0.00793306,-0.01066972,-0.00460205,-0.00448502
2017-10-30,0.00343122,-0.00291001,-0.00138075,-0.00076683,0.00042357,-0.00236909,-0.00060085,0.00494581,-0.00699256
2017-10-31,-0.00482207,0.00137833,-0.00712216,0.00701702,-0.00417204,-0.00466271,-0.00534015,-0.01158067,-0.00030123
2017-11-01,0.00633958,0.00692570,0.00767923,0.00411695,0.00679733,0.01070101,-0.00005162,0.00444937,0.00282841
2017-11-02,0.00978533,0.00351454,0.00808324,0.00371102,0.00596452,0.00610454,0.00312261,-0.00162055,0.01202334
2017-11-03,0.01189629,0.01559081,0.01314407,0.01437428,0.01325758,0.01715766,0.01306889,0.01434609,0.01871221
2017-11-06,-0.00397169,-0.00060644,0.00406343,0.00077091,-0.00290628,0.00123262,-0.00075099,-0.00143444,-0.00275035
2017-11-07,-0.01067131,-0.01241111,-0.00198591,-0.01805694,-0.00474791,-0.01168448,-0.00886292,-0.01208605,-0.01644671
2017-11-08,-0.00453538,-0.00462911,-0.00318779,-0.00772899,-0.00215613,-0.00729394,-0.00744031,-0.00566230,-0.00809038
2017-11-09,0.00504659,0.00667966,-0.00189914,0.00124571,0.00350713,0.00830500,-0.00240917,0.00363175,0.01140995
2017-11-10,0.01132520,0.00842097,0.01327201,0.00685874,0.01312241,0.00608450,0.00130613,0.00672119,0.00443927
2017-11-13,-0.00311482,-0.00651726,-0.00302102,-0.00492439,0.00214986,-0.00578877,0.00744955,0.00174266,-0.00809715
2017-11-14,0.00649350,0.00281786,0.00401166,0.00160058,0.00722311,0.00313252,0.00018874,0.00426069,0.00906664
2017-11-15,0.01564283,0.00839488,0.00632304,0.00285982,0.00896771,0.00754268,-0.00133306,0.00225119,0.00856758
2017-11-16,0.00457001,-0.00293770,0.00239434,0.00409457,0.00148464,0.00692094,0.00039718,0.00272912,0.00329975
2017-11-17,0.00877344,0.01269085,0.00868112,0.00621062,0.00466019,0.00283009,0.00493284,0.00530626,0.00670486
2017-11-20,0.01279488,0.01796011,0.01924681,0.01318032,0.01668304,0.01796291,0.01745929,0.01752541,0.01389296
2017-11-21,-0.01286542,-0.00193300,-0.00423897,-0.00857813,-0.00246785,-0.00999984,-0.00528990,-0.00229623,-0.00224528
2017-11-22,-0.00216107,-0.00203053,-0.00117898,-0.00997844,-0.00225085,-0.00468915,-0.00313881,-0.00774526,-0.00551426
2017-11-23,-0.00019136,0.00455624,0.00585783,-0.00553757,0.00678548,-0.00527227,-0.00478034,-0.00695325,-0.00525657
2017-11-24,-0.00823971,-0.01223967,-0.00884500,-0.00994946,-0.01079257,-0.00778137,-0.00756236,-0.01062331,-0.00145755
2017-11-27,-0.00320833,0.00389028,-0.00210580,0.00798717,-0.00035071,-0.00157096,-0.00831981,0.00320701,0.00687713
2017-11-28,0.01342136,0.01009950,0.01985452,0.01142259,0.01316636,0.01116403,0.01691797,0.01918156,0.02296467
2017-11-29,-0.00024433,0.00649008,-0.00380360,0.00143363,0.00078935,0.00324134,-0.00082788,-0.00707591,0.00694209
2017-11-30,-0.00546412,-0.00301818,-0.00137193,0.00302761,-0.00218214,-0.00903005,-0.00532365,0.00087118,-0.00766699
2017-12-01,-0.01029037,-0.00575882,-0.01344588,-0.01324685,-0.00937946,-0.01537816,-0.00281928,-0.00210979,-0.01491688
2017-12-04,0.00712815,-0.00166108,0.00461283,0.00668014,0.00513716,0.00177429,0.00386055,0.00190442,0.00209797
2017-12-05,0.00643798,0.00243717,0.00223881,0.00796609,0.00554497,0.00279402,0.00246341,-0.00151519,0.00270129
2017-12-06,-0.00767686,0.00055562,-0.00408415,-0.00635900,0.00083763,0.00234843,0.00307529,-0.00610097,0.01036373
2017-12-07,0.01082512,0.01622935,0.01374540,0.01534354,0.01256485,0.00531851,0.01323203,0.01158795,0.01186811
2017-12-08,0.00507426,0.01228450,0.00530739,0.00545362,0.00947368,0.00848244,-0.00082668,0.00175339,0.00150503
2017-12-11,0.00854008,-0.00085718,0.00450856,0.00266888,-0.00018375,-0.00538123,-0.00402363,0.00010109,-0.00017284
2017-12-12,-0.00579687,-0.00731035,-0.00511500,-0.00149725,-0.00748635,-0.00656788,-0.00581760,-0.00647637,-0.00674852
2017-12-13,0.00561171,0.00755226,-0.00042486,0.00596942,-0.00015966,0.00621193,0.00735816,0.00093436,0.00925815
2017-12-14,0.01821324,0.01830438,0.00713755,0.01715395,0.01149583,0.01376568,0.01489261,0.01291717,0.01527497
2017-12-15,0.00282848,-0.00546417,-0.01095043,0.00295763,-0.00823475,-0.00073188,-0.00344648,-0.00562836,-0.00778432
2017-12-18,-0.00011045,0.00602676,-0.00431797,0.00380146,-0.00152246,-0.00404664,0.00254506,0.00188633,0.00282016
2017-12-19,-0.00112289,-0.00594684,-0.00386576,0.00092592,-0.00385785,-0.00661387,0.00628696,-0.00130084,0.00042449
2017-12-20,-0.00432255,-0.01216054,-0.00475118,-0.00429423,-0.01482394,-0.00332371,-0.00786502,-0.00798104,-0.00316108
2017-12-21,0.00379773,-0.00025946,0.00407178,0.00200445,0.00375650,-0.00008171,0.00802494,-0.00051151,0.00606693
2017-12-22,-0.02203167,-0.01448224,-0.01912337,-0.01067755,-0.01618366,-0.01620859,-0.01450567,-0.01766189,-0.01136885
2017-12-25,-0.00161959,-0.01087000,-0.00964908,-0.00352120,-0.00779264,-0.00726079,-0.00757676,-0.00286277,-0.00458701
2017-12-26,0.00155133,0.00793364,0.00021303,-0.00075869,0.00029068,0.00400873,0.00303203,-0.00126274,0.00327147
2017-12-27,-0.00411857,0.00287194,-0.00021852,0.00781628,0.00219744,0.00952383,0.00061814,0.00465939,-0.00384152
2017-12-28,0.00294901,-0.00632306,-0.00705170,-0.00521029,-0.00641548,0.00170893,-0.01224105,-0.00151652,0.00273372
2017-12-29,0.01343929,0.01281171,0.01338319,0.02134466,0.01162134,0.01257403,0.00720641,0.01103014,0.01585019
2018-01-01,0.00871387,0.01161232,0.01134618,0.00616221,0.01090609,0.00388768,0.01406390,0.01582598,0.00116240
2018-01-02,0.01546182,0.00609980,0.01836604,0.01118094,0.01296126,0.01694815,0.00783580,0.01804817,0.00947439
2018-01-03,0.01198915,0.01508973,0.01750150,0.02302830,0.01513743,0.00614498,0.01426653,0.01258362,0.01840754
2018-01-04,-0.01373924,-0.00438280,-0.01483112,-0.00110908,-0.00669699,-0.00457914,-0.00290742,-0.00824773,-0.00471516
2018-01-05,0.00408353,0.00380807,0.00393611,0.00606583,0.00257250,0.01306842,0.01350228,0.00393687,0.00948504
2018-01-08,0.00427301,0.00693859,0.01425493,0.00838713,0.00758801,0.00648172,0.01562670,0.01871195,0.01533242
2018-01-09,-0.01546863,-0.01290643,-0.01117633,-0.00798716,-0.00667850,-0.01051827,-0.00646125,0.00248444,-0.01613589
2018-01-10,-0.00571374,-0.00927135,-0.00935741,-0.00750676,-0.01068327,-0.00647311,-0.00601112,-0.00063788,-0.00341074
2018-01-11,0.00050037,-0.00401154,-0.00104358,0.00227434,0.00517635,0.00198327,0.00190220,0.00199734,0.00462925
2018-01-12,-0.00475998,0.00131205,0.00385105,-0.00800963,0.00044211,0.00017030,-0.00548751,-0.00353185,-0.00279448
2018-01-15,0.00703343,0.01603079,0.00579734,0.00822636,0.01118098,0.00860579,0.01505246,0.00889488,0.01633743
2018-01-16,-0.01406843,-0.00615922,-0.00502681,-0.00157252,-0.00851462,-0.01817032,-0.00958354,-0.00983581,-0.00703429
2018-01-17,-0.00299763,0.00114711,0.00040150,-0.00611253,-0.00266529,-0.00441840,0.00201944,-0.00125355,0.00378247
2018-01-18,-0.00363479,-0.00409361,-0.00720601,-0.00997799,-0.00718595,-0.00345348,-0.01153096,-0.00929967,-0.01165339
2018-01-19,-0.00483006,-0.00156829,-0.00037420,-0.00319871,0.00124006,-0.00435207,0.00340865,0.00477522,-0.00500032
2018-01-22,-0.00658724,-0.00382569,-0.00987957,-0.00006820,-0.01238482,-0.00201203,-0.00844216,-0.00946332,-0.01326880
2018-01-23,0.00777414,0.01148706,0.01344452,0.00766451,0.01715989,0.00927153,0.00977261,0.00857288,0.01100548
2018-01-24,-0.00466363,-0.00238618,-0.00105889,-0.00541009,-0.00605437,-0.00912956,-0.00568520,0.00151501,-0.00281983
2018-01-25,0.00128384,0.00483348,0.01089057,-0.00178784,0.01406535,0.00648035,0.00598179,0.01094879,0.00338905
2018-01-26,-0.00410683,-0.00778465,0.00120204,-0.00375288,0.00024118,-0.00344285,-0.00477508,-0.00549839,-0.00644176
2018-01-29,-0.00496605,-0.00734574,-0.01347632,-0.01594826,-0.00493918,-0.00605780,-0.01248518,-0.00474203,-0.00751648
2018-01-30,0.01442324,0.01256856,0.00344255,0.01220805,0.01314543,0.00867640,0.00653446,0.00995134,0.00954535
2018-01-31,0.00065979,0.00590417,0.00382486,0.00099732,0.00341192,0.01178888,0.01341867,0.00698051,0.00246347
2018-02-01,-0.00328849,-0.00042377,-0.00216145,-0.00111621,-0.00467067,-0.00697942,-0.00363851,0.00298459,0.00214913
2018-02-02,0.00154018,0.00929131,0.00172956,-0.00385801,0.00564055,0.00044675,0.00710952,-0.00184597,0.00863654
2018-02-05,0.00907752,-0.00102340,0.00206528,0.00520407,0.00097882,0.00285950,0.00469572,0.00058975,0.00469875
2018-02-06,-0.00063078,-0.00592684,0.00060890,-0.00479451,-0.00317494,-0.00407290,-0.00253531,-0.00218855,-0.00241957
2018-02-07,0.00194536,0.00139726,-0.00359786,-0.01376356,0.00017298,-0.00487474,-0.00109695,-0.00620164,0.00281029
2018-02-08,0.00533687,0.00146441,0.00476206,0.00182015,0.00173704,0.01239929,0.00312295,0.00281801,0.00300106
2018-02-09,-0.01205383,-0.00321205,-0.00453371,-0.00237990,-0.00550958,-0.00104295,-0.00347854,-0.01194164,-0.00386782
2018-02-12,0.00364668,0.00183940,0.00613901,0.00491295,0.00772178,0.00309919,0.00796282,0.01359764,-0.00070938
2018-02-13,0.00631807,0.00589137,0.00167324,0.00529975,0.00909029,0.00751657,0.01341733,0.00272323,0.00751859
2018-02-14,0.00320715,-0.00666399,-0.00442007,-0.00320051,-0.00156078,0.00651092,-0.00079789,-0.00693951,-0.00359653
2018-02-15,-0.00568778,-0.00657023,0.00375990,0.00303773,0.00713188,-0.00819175,0.00374752,-0.00066480,-0.00376477
2018-02-16,0.00874117,0.01253453,0.00906785,0.00499291,0.01456435,0.01455838,0.01348544,0.00785072,0.01243053
2018-02-19,0.01338164,0.01335418,0.01559978,0.01536009,0.01401865,0.01426667,0.02460193,0.01858037,0.00621960
2018-02-20,0.00657047,0.01155320,0.01204875,0.00855388,0.00434133,0.00248508,0.00267805,0.01233300,-0.00217158
2018-02-21,0.00728075,-0.00400263,0.00380691,-0.00282888,-0.00496766,-0.00027172,0.00561963,0.00033249,0.00665215
2018-02-22,0.00784982,0.00774697,0.00041382,0.00246594,0.00069789,0.00362702,0.00774823,0.00641416,0.00402506
2018-02-23,-0.01061939,-0.00793021,-0.01455692,-0.01301118,-0.00679962,-0.00678773,-0.01052916,-0.01071582,-0.01374533
2018-02-26,-0.00378853,0.00506281,0.00176651,0.00349125,-0.00574338,0.00332169,-0.00405554,-0.00282399,-0.00783961
2018-02-27,-0.00063643,-0.00223362,-0.00046187,-0.00024532,-0.00189085,0.00058535,-0.00125448,-0.00315774,-0.00096299
2018-02-28,-0.01540599,-0.01800226,-0.00767413,-0.00684935,-0.01508408,-0.01426029,-0.01295410,-0.00915050,-0.01385425
2018-03-01,-0.01785384,-0.01844318,-0.01018767,-0.01155116,-0.00786879,-0.01052199,-0.00642004,-0.01127137,-0.01049299
2018-03-02,0.00465163,0.01218726,0.00231773,0.00634378,0.00379631,0.01353118,-0.00500074,0.01011328,-0.00188157
2018-03-05,0.02393327,0.02406783,0.01942772,0.02862563,0.02223005,0.02602311,0.02279941,0.02173857,0.02584677
2018-03-06,0.00000287,0.00265585,-0.00052834,-0.00141501,-0.00261162,0.00112152,0.00105124,0.00070701,-0.00085966
2018-03-07,0.00744559,0.01075494,-0.00012596,0.00931721,0.00622835,0.00455794,0.00484711,-0.00009967,0.00427657
2018-03-08,-0.01358954,-0.01188257,-0.01109966,-0.00733214,-0.00833807,-0.01133899,-0.01001320,-0.01870105,-0.02071063
2018-03-09,0.00080481,0.00226963,0.01137453,0.00733526,0.01000376,0.00598036,0.01018000,0.00716299,0.00317084
2018-03-12,0.00319751,0.00974969,0.00010969,0.00533226,0.00571724,0.01448855,0.00670824,0.00656913,0.00750541
2018-03-13,0.01305097,0.01131036,0.01418833,0.00767349,0.00544788,0.00931499,0.00901475,0.00959661,0.00464955
2018-03-14,-0.01081264,0.00056910,0.00419986,-0.00261620,0.00379992,0.00128280,-0.00953703,0.00136839,-0.00324105
2018-03-15,0.00984495,0.01468095,0.01125900,0.00526263,0.01176399,-0.00103477,0.00550190,0.00934520,0.00648196
2018-03-16,0.00400908,0.00091381,0.00088246,0.00231537,-0.00020710,0.00423430,0.01028960,0.00591852,0.00406164
2018-03-19,-0.00270948,0.00865093,-0.00331030,-0.00196314,0.00132537,0.00114035,-0.00484208,-0.00148564,0.00267184
2018-03-20,-0.00033483,-0.00056835,-0.00683432,-0.00069062,-0.00390463,0.00677905,-0.00107059,-0.00114939,-0.00869891
2018-03-21,-0.01360271,-0.01137602,-0.00991188,-0.00691475,-0.01429105,-0.00479485,-0.01212092,-0.01224376,-0.01161216
2018-03-22,-0.02666068,-0.02821412,-0.02586410,-0.02000267,-0.01945896,-0.02316540,-0.02308809,-0.02613240,-0.02375822
2018-03-23,0.01362339,0.00670820,0.00793712,0.00883560,0.01202389,0.01623762,0.01294805,0.01789301,0.01391921
2018-03-26,0.01106955,0.00346310,0.00219696,0.00829475,0.00701314,0.00125564,0.00751170,0.00660477,0.01375785
2018-03-27,-0.00188732,0.00259266,0.00456171,0.00481481,0.00302938,0.00041828,0.00505120,0.00679013,0.00750022
2018-03-28,0.01702083,0.01957662,0.01914503,0.01916760,0.02123845,0.02088492,0.02353177,0.02053655,0.01539328
2018-03-29,0.00765460,0.00547454,0.00729465,-0.00459507,0.01570416,0.00554406,0.00115460,0.00656031,0.00709707
2018-03-30,0.01012027,0.00795482,0.00485788,-0.00217047,0.00495907,0.01023455,0.00150587,-0.00165184,0.00330338
2018-04-02,0.01030107,0.00168676,0.00375484,0.00234289,0.00581348,0.00673399,0.00576028,0.00586600,0.01282969
2018-04-03,-0.01389870,-0.00585659,-0.02046368,-0.00406861,-0.01036682,-0.00260568,-0.00806758,-0.01135673,-0.00434570
2018-04-04,-0.01218708,-0.00729114,-0.00989698,-0.00369567,-0.00719884,-0.00612076,-0.00167565,-0.00714455,-0.00540133
2018-04-05,0.00405778,0.00071710,0.00218191,0.00957069,0.00825139,0.01112053,0.00402490,0.01131579,0.00877125
2018-04-06,-0.00120727,0.00881396,0.01596902,0.01005932,0.00770738,0.00403025,0.00353509,0.00268772,0.00578931
2018-04-09,-0.00676220,-0.00185736,-0.00723107,0.00526505,0.00151737,0.00919917,0.00420056,-0.00337432,0.00041947
2018-04-10,0.00676763,0.00181449,0.00754611,0.00463063,0.01889702,0.00926204,0.00298983,0.00763919,-0.00002086
2018-04-11,0.01169830,0.00783199,0.00624149,0.00662077,0.00687555,0.00560709,0.00608056,0.00880006,0.00864393
2018-04-12,0.00306860,0.00810583,0.00334707,-0.00209876,0.00252719,-0.00081520,0.00269921,0.00105534,-0.00324542
2018-04-13,0.01067724,0.01554654,0.00933278,0.01351449,0.01235547,0.00970314,0.01031575,0.00503889,0.00511490
2018-04-16,0.00827913,-0.00005197,0.00065361,0.00854297,0.00142059,0.00436060,0.00597645,0.00133093,0.00474513
2018-04-17,-0.00405963,-0.00342599,0.00266538,0.00769428,0.00148884,-0.00409790,0.00491029,0.00129499,-0.00566973
2018-04-18,-0.00460320,-0.01392382,-0.00912654,-0.01185333,-0.00954509,-0.01779012,-0.00776042,-0.00627464,-0.00051222
2018-04-19,-0.00563501,-0.01070421,-0.00523275,-0.00502557,-0.01021784,-0.00955660,-0.00557974,-0.00261809,-0.00403933
2018-04-20,-0.00765439,-0.00672680,-0.01104735,-0.00529610,-0.00300107,-0.00909267,0.00077439,0.00347664,0.00215591
2018-04-23,-0.00574867,-0.00314210,-0.00807410,-0.00113744,0.00284693,-0.00824911,-0.01777512,0.00124359,-0.01068516
2018-04-24,0.00183092,-0.00581650,-0.00791832,0.00071171,0.00328765,-0.00104644,0.00536254,-0.01084386,-0.00014819
2018-04-25,0.00050868,0.00604998,0.01476442,0.00066914,0.00908867,0.01641474,0.00594684,0.00246138,-0.00067814
2018-04-26,-0.00820715,-0.00320153,-0.00830416,-0.01200404,0.00075353,-0.00346182,-0.00674606,-0.00658135,-0.00673531
2018-04-27,0.00745109,0.00648162,0.00740211,0.00592438,0.00487019,0.00236508,0.00005242,-0.00214007,0.00118051
2018-04-30,-0.00171677,-0.01011051,-0.00779665,-0.00805360,-0.00953999,-0.00181854,-0.01166263,-0.00347390,-0.01030355
2018-05-01,0.00022519,-0.00257421,-0.00139823,-0.00102662,0.00210250,-0.00001439,-0.00136323,0.00344214,0.00224049
2018-05-02,0.01532145,0.00284763,0.00427493,0.00736305,0.00204585,-0.00164338,0.00574115,0.00624014,0.00611125
2018-05-03,0.00520518,0.00211288,0.00093706,-0.00645160,0.00296431,0.00239369,-0.00402920,-0.00121399,0.00179760
2018-05-04,-0.00515626,-0.00439139,-0.00268273,-0.00739227,0.00248131,0.00131376,0.00214984,-0.00263586,-0.00547748
2018-05-07,-0.00059342,-0.00211045,-0.00042918,-0.00428554,-0.00922220,-0.00239259,-0.00196291,-0.00274914,0.00069578
2018-05-08,0.01519883,0.01447839,0.00425722,0.01500116,0.01474398,0.00285125,0.00695352,0.01557490,0.00379831
2018-05-09,0.01113574,0.01365940,0.00732310,0.01325934,0.01108567,0.01613841,0.00211491,0.00638395,0.01100040
2018-05-10,0.00555976,0.00511846,0.00327162,-0.00095084,0.00464711,0.00314467,0.00581940,-0.00259203,-0.00029152
2018-05-11,-0.00557513,-0.00763276,-0.00500931,-0.00536139,0.00196077,-0.00540553,0.00296119,-0.00517570,0.00105401
2018-05-14,0.00809649,0.00918967,0.00239306,0.00441878,-0.00069616,0.00943945,0.00332282,0.00067818,0.00007887
2018-05-15,0.01130090,-0.00185446,0.01226852,0.01618631,0.01103127,0.01106156,0.00443952,0.01444830,0.01530016
2018-05-16,0.00404801,0.01080996,-0.00144308,0.00247540,-0.00127673,0.00789803,0.00108496,0.00277201,0.00313944
2018-05-17,0.00989222,0.00316885,0.01357230,0.00431061,0.01165849,0.00482898,0.01179464,0.01037797,0.00783767
2018-05-18,0.00641560,0.00177511,0.00002173,0.00001824,0.00572918,0.00717492,0.00214075,0.00130120,0.01086399
2018-05-21,-0.00134184,-0.01182403,-0.01226906,-0.01055342,-0.00594583,-0.00156950,-0.00948877,-0.00652145,-0.00911997
2018-05-22,0.02070978,0.02020328,0.01249601,0.01789563,0.01767663,0.02924295,0.01936080,0.01771955,0.01580031
2018-05-23,0.00631830,0.00183050,0.00863470,0.00957215,0.00485117,0.01016246,0.00846197,0.00996969,0.01279618
2018-05-24,-0.00405222,-0.00323711,-0.00086766,-0.00599929,-0.00486189,-0.00494955,-0.00619817,-0.00520034,-0.00634463
2018-05-25,0.00630747,-0.00186801,0.00167256,0.00346115,-0.00326648,-0.00687559,0.00393503,0.00262211,-0.00404701
2018-05-28,-0.00861850,-0.00825839,-0.00011902,-0.00895613,-0.00789669,0.00084105,-0.00730869,-0.00113802,-0.00506585
2018-05-29,0.00270252,0.00042316,-0.00216738,-0.00092744,0.00973281,-0.00324177,-0.00414922,-0.00618255,-0.00283862
2018-05-30,0.00981630,0.01560716,0.00347254,0.00588257,0.01066647,0.00482029,0.00475442,0.00883751,0.01687004
2018-05-31,-0.00079644,0.00741233,0.00676428,0.00428499,0.01440559,0.00768283,0.01188693,0.00304751,0.00158255
2018-06-01,-0.00590398,-0.01558121,-0.01643388,-0.01010547,-0.01384404,-0.00856912,-0.00335746,-0.00947688,-0.01030895
2018-06-04,-0.01359325,-0.00647330,-0.01465984,-0.01705293,-0.00822848,-0.00831347,-0.00946685,-0.01059299,-0.00980873
2018-06-05,-0.01422558,-0.01344655,-0.00829526,-0.00705287,-0.01356623,-0.01349919,-0.01279646,-0.01619564,-0.01134285
2018-06-06,-0.00069528,0.00267328,-0.00100319,-0.00042491,0.00273508,0.00260155,0.00244919,0.00260875,0.00184373
2018-06-07,0.00301724,-0.00157333,0.00035343,-0.00392734,-0.00424410,-0.00297240,0.00237585,-0.01092102,0.00284109
2018-06-08,0.01130132,0.01256278,0.00561857,0.00515982,0.00982138,0.00487169,0.00810391,0.01043356,0.00742488
2018-06-11,0.00875191,0.00942576,0.00979535,0.00669754,0.01277094,0.00644329,0.00833313,0.01294676,0.00248753
2018-06-12,-0.00451279,0.00604605,-0.00199815,0.00066506,0.00293586,0.00038969,0.00647504,-0.00425489,-0.00120727
2018-06-13,0.00940461,0.00015958,0.00232574,-0.00030129,-0.00261154,0.00574134,0.00342520,-0.00310055,-0.00826696
2018-06-14,0.00645027,0.00513828,0.00367313,0.01182249,-0.00223623,-0.00229455,0.00180403,0.00215164,0.01405694
2018-06-15,-0.01335504,-0.00834267,-0.00893975,-0.00717017,-0.00827386,-0.00796497,-0.00984484,-0.00903835,-0.00920652
2018-06-18,-0.00739520,-0.00153969,-0.00502031,-0.00368979,-0.00763713,-0.01042908,0.00156022,-0.00001408,-0.00714967
2018-06-19,0.00693232,0.00917612,0.00564066,0.01373344,0.00809063,0.00526195,0.00177193,0.00596454,0.00985445
2018-06-20,-0.00723928,-0.00491393,-0.00159833,-0.00283021,-0.00047030,-0.00519318,-0.00724058,0.00155795,-0.00341399
2018-06-21,0.00725093,0.01849895,0.01067132,0.01624969,0.01237589,0.01820231,0.00693667,0.01218604,0.00505811
2018-06-22,0.00903891,0.01611194,0.01149470,0.01450634,0.01632974,0.01789404,0.02271946,0.00220607,0.01609194
2018-06-25,-0.00638450,-0.00735969,-0.01551990,-0.00943302,-0.00839068,-0.01308789,-0.00928860,-0.00586440,-0.00469093
2018-06-26,0.02248384,0.02220865,0.01661687,0.01417954,0.01137397,0.01284269,0.01937388,0.01736977,0.01363949
2018-06-27,0.00823333,0.00102356,0.00104515,0.00774949,0.00539007,-0.00425764,0.00527634,0.00188662,0.00249324
2018-06-28,0.00059003,0.00534632,0.00223896,0.00882469,0.00420643,-0.00313192,0.01054489,0.00358206,0.00329604
2018-06-29,0.01067452,0.00974572,-0.00042680,0.00681142,0.00614469,0.00704516,0.00567916,0.00304003,0.00654009
2018-07-02,-0.00395407,-0.00325152,-0.01311428,-0.00115857,-0.01274389,-0.00690686,-0.00723460,-0.00203322,-0.00837945
2018-07-03,0.00607989,0.00669116,-0.00169273,0.00093405,0.00185325,0.00508207,0.00571404,0.00714756,0.00325579
2018-07-04,-0.01361008,-0.00731497,-0.01215719,-0.00883718,-0.00945054,0.00190315,-0.00079867,-0.00404435,-0.00151870
2018-07-05,0.00256796,0.01004788,0.01088373,0.01074332,0.01065620,0.01363132,0.00693645,0.01706065,0.00528393
2018-07-06,-0.00965820,-0.00193645,-0.00333326,-0.00320546,-0.00446277,-0.00475746,-0.00562273,-0.00058200,-0.00432993
2018-07-09,0.00809137,0.00669278,-0.00338764,0.00585958,0.00030161,-0.00041751,0.00267561,-0.00094193,-0.00513697
2018-07-10,0.00176022,0.00036324,0.00116123,0.00265906,0.00246310,-0.00446911,0.00573144,0.00580473,0.00968327
2018-07-11,0.00136330,-0.00276721,-0.00378158,0.00506620,0.00511538,-0.00296592,0.00611648,-0.00552082,-0.00055851
2018-07-12,-0.01268003,-0.00649472,-0.00490526,-0.01448496,-0.00086131,-0.00932550,-0.00352453,-0.00108948,0.00210282
2018-07-13,-0.01003639,-0.01159561,-0.00561672,-0.00241569,-0.00448092,-0.00276732,-0.00786058,-0.00774237,-0.00372493
2018-07-16,0.00054733,0.00106188,-0.00581298,0.00234648,0.00141536,-0.00142506,0.00373115,0.00240141,-0.00251734
2018-07-17,0.00931355,-0.00021700,-0.00633256,-0.00212389,-0.00313371,-0.00681958,-0.00550353,-0.00075943,-0.00138798
2018-07-18,-0.00570427,-0.01037922,-0.01413062,-0.00983116,-0.01166067,-0.01590441,-0.01378005,-0.00352244,-0.00841960
2018-07-19,-0.00439319,-0.00297721,-0.00184140,0.00318598,-0.00385380,-0.00226241,-0.00010134,-0.00101573,0.00243107
2018-07-20,-0.01065403,-0.01598466,-0.00677244,-0.01601831,-0.00661778,-0.00965132,-0.01669887,-0.01708150,-0.00270376
2018-07-23,0.01107504,-0.00426049,0.00646867,0.01442067,0.01242774,0.00796252,0.00501249,0.00752692,0.01107230
2018-07-24,-0.00023169,0.00075460,-0.00421457,-0.00855646,-0.00903659,0.00163982,-0.00088771,-0.00135147,-0.00147999
2018-07-25,0.00447643,-0.00147582,0.00231882,-0.00297428,-0.00008501,0.00082838,-0.00170541,-0.00629680,0.00572153
2018-07-26,0.00110988,0.00095377,0.00503217,0.00665997,0.00051497,0.00713912,0.00880847,0.00184536,0.00167784
2018-07-27,0.00928024,0.00348464,0.00962804,0.00780888,0.01107449,0.00467678,0.00560400,0.00854814,0.00924847
2018-07-30,0.00765224,0.00698579,0.00852970,0.00990867,0.00900528,0.00567204,0.01314333,0.00891710,0.00837678
2018-07-31,0.00525359,-0.00131346,-0.00007237,-0.00206696,0.00183588,0.00162607,-0.00115397,-0.00362697,0.00008900
2018-08-01,-0.01266531,-0.00927587,-0.00721018,-0.01222570,-0.00916065,-0.00573556,-0.01114091,-0.01424291,-0.01195717
2018-08-02,0.00138702,0.00501456,-0.00330597,-0.00381075,-0.01425515,0.00223607,-0.00629005,0.00487200,0.00013805
2018-08-03,0.00765637,0.00702540,0.00850974,0.00161938,0.00384044,0.00689613,0.00840172,0.01520097,0.00471451
2018-08-06,-0.01884489,-0.01375702,-0.01207830,-0.00575560,-0.01223447,-0.00583518,-0.02018746,-0.00938992,-0.01673379
2018-08-07,0.00505142,0.01031423,0.00106821,0.00812362,0.00864271,0.00782399,0.01187663,0.00258113,0.01454733
2018-08-08,-0.01342999,-0.00786292,-0.01008294,-0.00860636,-0.01313058,-0.00569602,-0.00403327,-0.00960000,-0.00904640
2018-08-09,0.00475848,-0.00309019,-0.00244568,0.00832684,0.00037423,-0.00042090,0.00315732,-0.00183508,0.00056460
2018-08-10,-0.01066589,-0.00649596,-0.01064046,-0.00745657,-0.00581669,-0.00570861,-0.00575237,-0.00751188,-0.00818492
2018-08-13,0.00045020,-0.00194334,-0.00087357,-0.00747632,-0.00132823,0.00027748,0.00506428,0.00661739,-0.00842964
2018-08-14,-0.00555978,0.00571258,0.00739363,0.00235894,-0.00601931,-0.00328690,0.00154877,0.00525801,-0.00058543
2018-08-15,0.00277255,0.00690255,0.00538054,0.00718746,0.00649730,0.00156170,-0.00190901,-0.00292313,0.00587269
2018-08-16,-0.00392829,-0.00265917,0.00108634,-0.00207541,0.00492390,0.00319649,-0.00688268,0.00058333,0.00154731
2018-08-17,0.00421672,-0.00414917,0.00321350,0.00213867,0.00049479,0.00568626,-0.00038603,0.00540709,0.00495097
2018-08-20,0.00772233,0.01070081,-0.00550286,0.00389256,0.00222083,0.00295658,0.00629711,0.00371491,0.00141106
2018-08-21,0.00621417,0.00568814,0.00969451,0.00489137,0.00330404,0.00869817,0.00920162,0.01223958,0.01203722
2018-08-22,0.00329024,-0.00143045,0.00719157,0.00634620,0.01008074,0.00774030,0.00062473,0.00937970,0.00895362
2018-08-23,0.00709178,0.00978701,0.00419963,0.00140831,0.00531163,0.00350450,-0.00088960,0.01128250,-0.00076511
2018-08-24,-0.00944058,-0.01143954,-0.00224146,-0.00212393,0.00138466,-0.00230917,-0.00697648,-0.00587034,-0.00285012
2018-08-27,-0.00234314,0.00305263,-0.00656294,-0.01054181,-0.00682083,-0.00704589,-0.00795432,-0.00224443,0.00270829
2018-08-28,-0.00871120,-0.00922330,-0.00427759,-0.00232172,-0.00894519,-0.00636798,-0.00565424,-0.00729010,0.00110278
2018-08-29,0.01426690,0.01585848,0.01132439,0.01966733,0.01572320,0.01191302,0.01647848,0.02009838,0.01684147
2018-08-30,-0.00481373,-0.00299877,-0.00015603,0.00157468,-0.00229984,-0.00590941,0.00120271,-0.00348170,-0.00202761
2018-08-31,-0.00814895,0.00044346,0.00212811,0.00208277,0.00491318,0.00090858,-0.00297577,0.00854786,-0.00212209
2018-09-03,0.01157150,0.01078734,0.01237600,0.00858201,0.01539972,0.00709732,0.01456816,0.01294976,0.00902824
2018-09-04,-0.00209804,0.00192569,-0.00494080,-0.00837708,0.00058134,0.00484335,-0.00590890,-0.01404656,-0.00108394
2018-09-05,0.01566258,0.00306769,0.01362267,0.01312635,0.01547268,0.01225716,0.00686993,0.00981843,0.01579336
2018-09-06,0.00061299,-0.00048511,-0.00240596,0.00328272,-0.00795559,0.00483390,0.00187382,0.00498535,-0.00113943
2018-09-07,-0.00378346,0.00006698,0.00418027,0.00520146,0.00373908,-0.00686974,0.00263312,-0.00178668,0.00035960
2018-09-10,0.00250561,0.01011327,0.00504747,0.00176009,0.00052521,0.00405299,0.00497095,-0.00108141,0.00236930
2018-09-11,-0.00453950,0.00277686,0.00163308,-0.00044679,-0.00360790,0.00219066,0.00295025,0.00117202,0.00057074
2018-09-12,-0.00048528,0.00155587,-0.00579582,-0.00361481,-0.00143934,-0.00927651,-0.00480148,-0.00015843,-0.00574793
2018-09-13,0.00203813,0.00427913,0.00042057,0.00441011,0.00336889,0.00114784,0.00045401,0.00767613,0.01182840
2018-09-14,-0.01373737,-0.01436054,-0.01923955,-0.01183202,-0.00129860,-0.01506595,-0.01098963,-0.01434010,-0.00784114
2018-09-17,-0.00913515,-0.00713334,-0.01600321,-0.01440290,-0.01291734,-0.00799841,-0.00284015,-0.00541895,-0.01077343
2018-09-18,0.00490484,0.00154475,0.01241382,0.01110783,0.00830406,0.00029717,0.00821878,0.01390195,0.00843484
2018-09-19,0.00557914,-0.01346209,-0.00814177,-0.01385269,-0.00681477,-0.00571166,-0.00324202,-0.00458049,-0.00643147
2018-09-20,-0.00329363,-0.00591052,-0.00257540,-0.00189875,0.00496543,-0.00570036,0.00060521,-0.00428574,0.00549130
2018-09-21,-0.00502127,0.00564319,0.00437637,0.00345824,0.00499875,0.00236073,0.00507706,0.00880757,-0.00243494
2018-09-24,-0.00712376,-0.00479008,0.00246378,-0.00508889,-0.00905615,-0.00881654,-0.00469800,-0.00421167,-0.00246026
2018-09-25,0.00853134,-0.00078349,0.00818198,0.00611493,0.01344429,0.00503293,0.00486109,0.00753070,0.00315741
2018-09-26,-0.00206114,-0.00709506,-0.00250506,0.00647978,0.00209978,-0.00109159,-0.00271000,0.00353359,0.00207530
2018-09-27,-0.00255982,-0.00012094,0.00287433,0.00005940,-0.00088144,0.00177898,0.00376462,-0.00466542,-0.00332769
2018-09-28,-0.01863546,-0.01574354,-0.01555147,-0.02063483,-0.01411958,-0.01346150,-0.02277460,-0.01967086,-0.01990339
2018-10-01,0.00030066,-0.00091273,-0.00502366,-0.00240473,-0.00797476,-0.00055721,0.00207483,-0.00179797,-0.00736287
2018-10-02,-0.00973973,-0.01267959,-0.00998073,-0.01121527,-0.01208003,-0.01738856,-0.01176083,-0.02394833,-0.01673354
2018-10-03,-0.00631931,0.00052435,0.00315725,-0.00490101,-0.00083949,-0.00085329,-0.00181573,0.00170047,-0.00430644
2018-10-04,0.01782084,0.01232093,0.01167827,0.01147257,0.00516819,0.01497976,0.02113032,0.01002853,0.01661490
2018-10-05,-0.00344008,0.00173604,-0.00300508,-0.00221593,-0.00138976,-0.00313179,-0.00760069,0.00297231,0.00531803
2018-10-08,0.00943882,-0.00522593,0.00208211,0.00962883,0.00307579,0.00073033,0.00534693,0.00605794,-0.00018374
2018-10-09,0.00640169,0.00004364,0.00366281,0.00418425,0.00353569,0.00094755,0.00757148,0.01327360,0.00123336
2018-10-10,0.00858526,0.00468532,0.00820108,0.00661120,0.01277926,0.00440997,0.00345165,0.01039045,0.00292534
2018-10-11,-0.00297092,-0.00013863,-0.00577883,-0.00150532,-0.00046708,-0.00202270,-0.00172490,-0.00051475,0.00067105
2018-10-12,-0.01431522,-0.01457297,-0.00861305,-0.01798016,-0.00532143,-0.01075496,-0.01575288,-0.01055718,-0.00395517
2018-10-15,0.00250994,-0.00637466,0.00079784,-0.01037190,0.00038157,0.00544961,-0.00107455,-0.00445896,0.00435574
2018-10-16,0.02141553,0.01169701,0.01667332,0.02669195,0.02526736,0.01744965,0.01781673,0.01483778,0.02010245
2018-10-17,-0.00134998,-0.00026386,-0.00778854,-0.00748660,-0.00405746,-0.00276674,-0.00519271,-0.00234978,-0.00141542
2018-10-18,-0.00906804,-0.00980709,-0.00654402,-0.00930566,-0.00482981,-0.01067038,-0.00829988,-0.01474261,-0.00934999
2018-10-19,-0.00281800,-0.00547871,-0.00510992,0.00028929,0.00201523,-0.00054560,0.00469904,-0.01095727,-0.00585981
2018-10-22,-0.00576059,-0.00411452,-0.00343431,0.00245178,0.00393059,0.00168323,-0.00328825,0.00336035,0.00133631
2018-10-23,-0.00243829,0.00148015,0.00104914,0.00246982,-0.00237415,0.00977506,0.00545989,-0.00013981,0.00791010
2018-10-24,-0.00755902,-0.00009178,-0.00508992,-0.00735000,-0.00191181,-0.00133521,-0.00562237,0.00380809,-0.00703991
2018-10-25,0.00892654,-0.00465854,0.00887123,0.01166067,0.00577777,0.01483795,0.00188881,0.00337132,0.00017771
2018-10-26,-0.00197196,-0.00669206,-0.00443948,-0.00254672,-0.00620908,-0.00496354,-0.00570685,-0.01091090,-0.01288319
2018-10-29,0.00960697,0.00747745,0.00039178,0.00510281,0.00357892,0.01105757,0.01017739,0.00843666,0.01288954
2018-10-30,-0.01054939,-0.01071613,-0.01784355,-0.01632397,-0.01368446,-0.01576808,-0.01170301,-0.01367048,-0.00647338
2018-10-31,-0.00877080,-0.00662758,-0.01385656,-0.01837730,-0.00651004,-0.00868787,-0.01570903,-0.01435856,-0.01247145
2018-11-01,0.00080741,-0.00680775,-0.00535775,-0.00631378,-0.00571254,-0.00172906,-0.00046284,0.00033497,-0.00127108
2018-11-02,0.00537760,0.00522866,0.00710897,0.01329988,0.01110407,0.00249160,0.00237781,0.01122357,0.00811130
2018-11-05,-0.00213912,0.00337792,0.00107794,0.00063144,-0.00492245,-0.00097577,0.00201067,0.00380352,-0.00035449
2018-11-06,-0.00971731,-0.00036764,-0.00118062,-0.00818269,-0.00794996,-0.00314486,-0.00136754,-0.00535358,-0.00407306
2018-11-07,0.00217664,0.00170356,0.00253486,-0.00070266,0.00110335,-0.00174117,0.00494470,0.00130184,-0.00032521
2018-11-08,-0.00609511,-0.00094088,-0.00449179,-0.00934828,-0.00463979,-0.00836127,-0.00363301,-0.01072466,-0.00688086
2018-11-09,0.00979259,0.00915418,0.00132348,-0.00585361,0.00189718,0.00390371,0.00419362,0.01023193,0.00811508
2018-11-12,0.01071860,0.01196954,0.01182034,0.00894106,0.00394699,0.00738594,0.00992220,0.00904207,0.00847105
2018-11-13,-0.00635094,0.00314236,0.00270336,-0.00119546,-0.00566546,0.00448131,-0.00234112,-0.00496158,-0.00316679
2018-11-14,0.00812422,0.00043375,-0.00136971,0.00719902,0.00784030,0.00416793,0.01718388,0.01581901,0.00041679
2018-11-15,0.00864045,0.01105474,0.01754561,0.00793928,0.00556626,0.01345408,0.01354455,0.01741645,0.02272636
2018-11-16,-0.00102142,-0.00052313,0.00529644,0.00089360,-0.00040874,-0.00027491,-0.00016783,-0.00158218,0.00216224
2018-11-19,0.00235379,0.00210925,0.00012950,-0.00322859,0.00119354,0.00643857,0.00240533,0.00255488,-0.00202279
2018-11-20,0.00472202,0.00037316,0.00161446,0.00809446,0.01398991,0.00446119,0.00349303,-0.00197187,0.00458433
2018-11-21,-0.01522566,-0.00548665,-0.00574993,-0.01041176,-0.01512522,-0.01809959,-0.00389970,-0.02151834,-0.00451786
2018-11-22,-0.00755024,-0.00377966,-0.01053840,-0.01446102,-0.01008609,-0.00593116,-0.01508802,-0.00228829,-0.01267688
2018-11-23,0.00010528,0.00150231,0.00711729,0.00821682,0.00419130,0.00632712,0.01076178,0.00178745,0.00106428
2018-11-26,-0.00448867,-0.00472508,-0.00231893,-0.00358257,-0.00318602,-0.00125468,-0.00167429,-0.00117447,0.00052689
2018-11-27,0.00237170,0.00450129,0.00273925,-0.00137421,-0.00644983,-0.00711849,0.00479390,0.00056531,0.00088082
2018-11-28,-0.00195443,0.00437977,0.00009857,0.00557452,0.01208201,0.00780022,0.00090768,0.00720543,-0.00137451
2018-11-29,0.00671946,0.00638940,0.00464219,0.00467771,0.00522988,0.00021151,0.00608868,0.00793474,0.00798578
2018-11-30,-0.00376507,-0.00620669,0.00568055,-0.00407413,0.00432602,0.00080788,-0.00447475,-0.00441865,-0.00555142
2018-12-03,0.01305939,0.01444818,0.01117648,0.00867063,0.00476298,0.00970563,0.00731085,0.00841516,0.00494328
2018-12-04,0.00933571,0.00594352,0.00289076,0.01428498,0.00388654,0.01277561,0.00859900,0.00277357,0.01207077
2018-12-05,-0.00333819,-0.00221616,-0.00798990,0.00010913,-0.00216593,-0.00248637,-0.00934177,-0.00486025,-0.00566088
2018-12-06,0.01232590,0.01358245,0.00188190,0.00222484,0.00764740,0.00507335,-0.00162620,0.01504813,0.00052157
2018-12-07,-0.00623917,-0.00019687,-0.00634752,-0.00141024,-0.00602509,0.00029841,-0.00760510,-0.00277511,-0.00956890
2018-12-10,0.00256127,0.00664441,0.00218854,0.00346757,0.00402637,0.00342519,0.00765495,-0.00025606,0.00101778
2018-12-11,-0.00846635,-0.01452220,-0.00396202,-0.00921556,-0.01026316,-0.00535487,-0.00689383,-0.00370336,-0.00481887
2018-12-12,0.00855190,0.01415853,0.00056503,0.00433484,0.00258504,-0.00100520,0.00871420,0.01303930,0.00989464
2018-12-13,0.00438111,0.00399275,0.00588279,0.00696075,0.00880870,-0.00237014,0.00685906,0.01177665,0.01380698
2018-12-14,-0.00536104,-0.00824913,-0.00870140,-0.00197802,-0.00669380,-0.01242159,-0.01136319,-0.00698737,-0.00307589
2018-12-17,-0.00909780,-0.00196409,-0.00715560,0.00146698,-0.00325197,-0.00257622,0.00337943,0.00030219,-0.00327544
2018-12-18,-0.00154836,-0.00032726,0.00275719,-0.00665973,-0.00497944,0.00266889,0.00020634,-0.00133121,0.00195613
2018-12-19,-0.00735795,-0.00579668,-0.01434208,-0.01121099,-0.01431671,-0.01002453,-0.00923739,-0.01361944,-0.01505203
2018-12-20,0.00471792,-0.00159457,0.00521228,0.00779184,0.00745995,0.00765264,0.01173160,0.00904453,0.00263254
2018-12-21,-0.00132043,0.00136070,0.00679181,0.00174628,0.00222384,0.00202404,-0.00070106,-0.00270908,0.00039386
2018-12-24,-0.00497872,-0.00364666,-0.00354127,-0.00536579,0.00491642,-0.01007480,-0.00295696,0.00029204,-0.00392359
2018-12-25,0.00024327,0.00639717,0.00568522,0.00887759,0.00071312,0.00577022,0.01107306,0.00900879,0.00749218
2018-12-26,0.01456569,0.01625299,0.01538842,0.01679405,0.02088873,0.01108935,0.01291404,0.00873056,0.01228528
2018-12-27,-0.00812675,-0.00051756,-0.00342122,0.00672139,0.00155457,-0.00551972,0.00121989,-0.00970590,0.00311662
2018-12-28,-0.01473252,-0.01340446,-0.00677698,-0.00552851,-0.01449042,-0.00882052,-0.00714837,-0.00803349,-0.01379525
2018-12-31,-0.00276532,-0.01261907,-0.00211253,-0.01204140,-0.00613771,-0.00565500,0.00016684,-0.00412263,-0.00289384
2019-01-01,-0.00842129,-0.00297366,-0.00026005,0.00614257,0.01136737,0.00485130,0.00979710,-0.00192277,0.00471987
2019-01-02,-0.00660619,-0.00963688,-0.01085367,-0.00157533,-0.00208289,-0.00887127,-0.00364653,-0.00317185,-0.00398961
2019-01-03,-0.01492523,-0.01197135,-0.02260729,-0.01301481,-0.01500306,-0.01498801,-0.02193945,-0.01223854,-0.00612750
2019-01-04,0.01047735,0.01199764,0.00637224,0.00242092,0.00707764,0.00646456,0.01031384,0.01189916,0.00684875
2019-01-07,0.00048724,-0.00372901,0.00243640,0.00227500,-0.00205034,0.00167895,-0.00647199,0.00160590,-0.00310895
2019-01-08,0.00539210,0.00836701,0.00869649,0.00550568,0.00559166,0.00954672,0.00407865,0.00847958,0.00287617
2019-01-09,-0.00128402,-0.00298993,-0.00732843,-0.00707930,-0.00728330,-0.00038476,-0.00891117,-0.00087348,0.00116239
2019-01-10,0.00123029,0.00419262,0.00446267,-0.00256473,0.00013945,-0.00425102,-0.00423470,0.00019875,-0.00948208
2019-01-11,0.01501041,0.00918454,0.01337171,0.01960345,0.01646261,0.01090281,0.00871038,0.01119994,0.00943825
2019-01-14,-0.00254723,-0.00991561,-0.00141407,-0.00171912,-0.00384897,-0.00238577,-0.00546782,-0.00210606,-0.00340172
2019-01-15,0.00450533,0.00605991,0.00411972,0.00276923,-0.00234145,-0.00169570,0.00424155,-0.00383908,-0.00682012
2019-01-16,0.00576949,0.00057111,0.00694454,0.00186386,0.01037967,0.00646917,-0.00106415,0.01399669,0.01478277
2019-01-17,0.00463709,0.00883882,0.01721536,0.01160232,0.01094633,0.01230465,0.01011898,0.00966908,0.00964375
2019-01-18,0.00994410,0.00111236,0.01230270,0.01313204,0.00378333,0.00955556,0.01280420,0.01792910,0.01637038
2019-01-21,0.00633984,0.00845655,0.01040904,0.00244145,0.00701186,0.00758907,-0.00201077,0.00808669,0.00203020
2019-01-22,-0.00318253,-0.00840899,-0.00511511,-0.00455971,-0.00683604,-0.00820502,-0.00834910,-0.00612363,0.00288462
2019-01-23,0.00293644,-0.00309054,0.00565120,0.00040139,0.00146675,-0.00117241,-0.00026187,-0.00015683,-0.00047440
2019-01-24,0.00898865,0.00652398,0.00331533,0.01288419,0.00417607,0.00600402,0.00225439,0.00547893,0.00265016
2019-01-25,0.01160748,0.01181868,0.00549520,0.00784529,0.00748586,0.01533668,0.01399114,0.01141553,0.01123323
2019-01-28,-0.00607779,-0.00396166,-0.00024631,-0.00914501,-0.00312663,-0.00381356,-0.00552810,-0.00572504,-0.00453515
2019-01-29,0.00616429,0.00584411,0.01383630,0.01135689,0.00749842,0.00730476,0.01030109,0.01652731,0.00519985
2019-01-30,0.01132189,0.01485586,0.00756666,0.01284976,0.01411607,0.00916913,0.00535540,0.00997389,0.00067278
2019-01-31,0.00023792,-0.00819189,-0.00376828,-0.00379859,-0.00692042,-0.00487221,0.00165689,-0.00966424,-0.00700495
2019-02-01,-0.01279072,-0.02185281,-0.01090752,-0.01642683,-0.00976532,-0.01220170,-0.02233433,-0.01568679,-0.01900112
2019-02-04,0.00741398,0.00520965,0.00859646,0.00506063,0.00587985,-0.00476773,0.00388058,0.00278489,0.00534751
2019-02-05,-0.01008894,-0.00918179,-0.00685911,-0.01329035,-0.00605199,-0.00387841,-0.00694026,-0.01573409,-0.00562419
2019-02-06,-0.00237573,-0.00004430,0.00500707,-0.00872910,-0.00080962,-0.00696693,-0.00003794,0.00339319,-0.00044521
2019-02-07,-0.00250889,-0.00018135,-0.00554156,-0.00445839,-0.00075264,-0.00006337,-0.00288200,-0.00045845,0.00336724
2019-02-08,0.02093952,0.02089432,0.01492560,0.01978217,0.01389985,0.01178363,0.00921311,0.00820165,0.01957846
2019-02-11,0.00854296,0.00745630,0.00692607,0.00951151,0.01332674,0.01530987,0.01042917,0.00555700,0.01965377
2019-02-12,-0.00564545,0.00080428,0.00173520,0.00042026,-0.00078216,0.00243368,-0.00542569,-0.00980129,-0.00774973
2019-02-13,-0.00544026,-0.00627427,-0.01120355,-0.00788348,-0.00761685,0.00051313,-0.01661455,-0.00649259,-0.01244624
2019-02-14,-0.01471768,-0.00204966,-0.00721745,-0.00825499,-0.01067399,-0.00549991,-0.00606777,-0.00749518,-0.01377991
2019-02-15,0.00427326,0.01127683,0.00489375,0.01047397,0.00671760,0.00591598,0.00844309,0.00764079,0.00395776
2019-02-18,0.00276255,0.00791082,0.01425078,0.01582952,0.01403878,0.01586714,0.01375122,0.01218057,0.01836982
2019-02-19,0.00529771,-0.00427281,-0.00040553,-0.00692341,0.00649957,0.00326264,0.00033142,-0.00412693,0.00053281
2019-02-20,-0.01433030,-0.00745218,-0.01075885,-0.01283655,-0.00888156,-0.00822922,-0.01066620,-0.00046821,-0.01082749
2019-02-21,-0.00402759,0.00800318,0.00012807,0.00590285,-0.00200148,0.00724624,0.00407037,0.00895527,0.00573666
2019-02-22,-0.00213030,0.00426234,-0.00152169,-0.00346393,-0.00265284,-0.00254689,-0.00337261,-0.00617137,-0.00312390
2019-02-25,-0.00697082,-0.01065476,-0.01904792,-0.00474301,-0.01298799,-0.00992481,-0.01210089,-0.00868785,-0.01075774
2019-02-26,-0.01023109,-0.01398524,-0.01308941,-0.00735212,-0.01202275,-0.01806573,-0.01992232,-0.01146396,-0.01099679
2019-02-27,0.00385987,0.00709289,0.00348725,0.01097672,0.00632533,0.00419292,0.00231616,0.01024935,0.00981593
2019-02-28,-0.00055657,-0.00151213,-0.00133268,-0.00514040,-0.00822650,-0.00446221,-0.00021728,-0.00456206,-0.00244359
2019-03-01,0.00558623,0.01293855,0.00604573,0.01178198,0.01131764,0.00751125,0.00670597,0.00452753,-0.00069651
2019-03-04,0.01059195,0.00885191,0.00434515,0.00898608,0.00235900,0.00534007,0.00654534,0.00799243,0.00936776
2019-03-05,-0.01113422,0.00097442,0.00206392,0.00167902,0.00168488,-0.00448636,-0.00376179,-0.00714550,-0.00714821
2019-03-06,-0.00129913,0.00065086,-0.00791442,-0.00503686,-0.00695885,-0.00171042,-0.00012641,0.00652425,0.00126334
2019-03-07,-0.01448092,-0.01033927,-0.00608624,-0.00751376,-0.00717423,-0.00634412,-0.00003747,-0.00916360,-0.00610135
2019-03-08,0.01050130,0.00485466,0.00707648,0.00100635,0.00672388,0.00738449,0.00325406,0.00502434,0.00390224
2019-03-11,0.00008378,0.00131190,-0.00511580,-0.00411518,-0.00284387,-0.00295476,-0.00191027,-0.00060790,0.00173193
2019-03-12,0.00503872,0.00771737,0.00322063,-0.00376271,0.00550049,0.01007474,0.00036849,0.00587496,0.00561889
2019-03-13,-0.00382016,-0.00447422,-0.01149413,-0.00417121,0.00013093,-0.00814026,-0.00184432,-0.00829387,-0.00443149
2019-03-14,-0.00270148,0.00373996,-0.00652648,0.00125047,0.00275391,-0.00795134,-0.00524319,-0.00224863,-0.00145662
2019-03-15,0.00802148,0.01529034,0.01066082,0.01133783,0.01058566,0.01437409,0.01593032,0.01421376,0.00609924
2019-03-18,0.00184851,0.00099852,0.00901951,0.00722876,0.00756157,0.00553537,0.00664551,0.00259761,0.00910422
2019-03-19,-0.00513242,0.00914136,-0.00671941,-0.00873519,0.00029560,-0.00175020,0.00260375,-0.00454810,0.00143094
2019-03-20,0.00146024,0.00396308,-0.00388305,0.00115871,0.00579704,-0.00072096,-0.00498897,0.00366710,0.00457686
2019-03-21,-0.00210763,-0.00396049,-0.00535775,-0.00514942,-0.00521427,0.00076018,-0.00316136,-0.00985409,0.00206534
2019-03-22,0.00785498,0.02022740,0.00392953,0.01311822,0.01322333,0.01873327,0.01947259,0.01345818,0.01043599
2019-03-25,-0.00930272,-0.01286396,-0.01056898,-0.00406743,-0.00540449,-0.01071468,-0.00837503,-0.01066533,-0.00650618
2019-03-26,0.00414843,0.00556958,0.01049223,0.00831730,0.00154323,0.00331015,0.00510738,0.00747053,0.01097019
2019-03-27,-0.00129868,0.00094031,-0.00262471,-0.00068697,-0.00853528,0.00310004,-0.00706600,-0.00745755,-0.00380014
2019-03-28,0.01581612,0.01249958,0.01109068,0.00477468,0.01439132,0.01698340,0.01269184,0.01067810,0.01585617
2019-03-29,-0.00092741,0.00027122,0.00674604,0.00867966,-0.00207106,0.00363811,-0.00060973,0.00361342,0.00494606
2019-04-01,-0.00841090,0.00422929,-0.00141672,0.00199961,-0.00413651,0.00461294,-0.00117956,-0.00003356,-0.00125803
2019-04-02,0.00031096,0.00019842,0.00328300,-0.00078063,-0.00104593,0.00228193,-0.00191152,0.00401847,0.00475140
2019-04-03,0.00077246,-0.00013848,0.01045553,0.00012405,0.00288705,0.00441801,0.00585941,0.00422923,0.00577052
2019-04-04,0.01538990,0.00713673,0.01396424,0.01435743,0.01444823,0.01371311,0.00714276,0.01006618,0.00977779
2019-04-05,0.00746712,0.00627584,-0.00420292,0.00128767,0.00549612,0.00219080,-0.00276275,-0.00257743,0.00621592
2019-04-08,0.00353331,0.00769928,0.00917960,0.00942111,0.01503991,0.00510857,0.00720569,0.01042821,0.00763141
2019-04-09,0.00829306,0.00581236,0.00830695,0.00865057,0.00575568,0.00981069,0.02005499,0.01147841,0.00675893
2019-04-10,0.00785197,0.00383661,0.00541456,-0.00333017,0.00673771,0.01253890,0.00951747,0.00859809,0.01083748
2019-04-11,-0.01850211,-0.02076340,-0.01568472,-0.01565728,-0.01706656,-0.01966881,-0.01453529,-0.01735068,-0.01431619
2019-04-12,0.00625434,-0.00218405,0.00117710,0.00352310,0.00581035,0.00561828,0.00159616,0.00230356,0.00413958
2019-04-15,0.00289316,-0.00168566,0.01016772,-0.00387429,-0.00331230,0.00434771,0.00089827,0.00328339,0.00053859
2019-04-16,0.01670901,0.00956847,0.01568545,0.01754891,0.01730069,0.01950445,0.01650303,0.01783651,0.01303390
2019-04-17,0.02292128,0.00948227,0.02500768,0.01748780,0.01737421,0.02595938,0.02055170,0.01628784,0.02286066
2019-04-18,0.01632772,0.00904429,0.01890743,0.01650921,0.01578465,0.02070713,0.01277555,0.02260880,0.01507786
2019-04-19,-0.00534225,0.00749704,0.00291378,0.00045925,0.00350226,0.00679189,0.00265077,0.00175119,0.00251299
2019-04-22,-0.02008443,-0.00901817,-0.01077125,-0.01269889,-0.01032676,-0.02092038,-0.01410449,-0.01610716,-0.01222789
2019-04-23,0.00444699,-0.00358559,0.00488146,0.00474123,0.00101814,0.00346876,0.00405546,-0.00199584,0.00079633
2019-04-24,-0.00101000,0.00419746,0.00433285,0.00260041,0.00051500,-0.00480836,-0.00547044,-0.00031173,-0.00073617
2019-04-25,-0.00266565,0.00090326,-0.00314730,-0.00029454,-0.00693572,-0.00471385,-0.00814363,-0.00358923,-0.00532872
2019-04-26,0.01077331,0.00938141,0.01373593,0.00914431,0.01598232,0.01394294,0.01469397,0.00834531,0.01257446
2019-04-29,0.00756728,0.01170532,-0.00244204,0.00590705,0.00560932,0.01648737,0.01043982,0.00931792,0.01067959
2019-04-30,-0.00684923,-0.00201810,-0.00739943,-0.00892348,-0.00964059,-0.01041001,-0.00971027,-0.00230609,-0.00596235
2019-05-01,0.00189233,0.00104647,0.00435339,0.00103418,0.00508341,0.00061332,0.01190075,0.00423660,0.00176529
2019-05-02,-0.00694312,0.00348892,0.00152121,-0.00074954,-0.00118041,0.00466193,0.00484475,-0.00014283,0.00403158
2019-05-03,-0.02563090,-0.01786550,-0.01726203,-0.02589613,-0.02548528,-0.02143252,-0.02589215,-0.02350087,-0.02619333
2019-05-06,-0.00390951,-0.00028124,-0.00020515,-0.00347885,-0.00123328,-0.00310153,-0.00315535,-0.01371843,0.00663093
2019-05-07,-0.00845143,-0.00514014,-0.00762430,-0.00360537,-0.00773213,-0.00756043,-0.00626187,-0.00454166,-0.00705343
2019-05-08,0.01307792,0.00054028,0.01333877,0.00964194,0.00480559,0.00507990,0.01485994,0.01049997,0.01245908
2019-05-09,-0.00532887,-0.00344607,-0.01143525,-0.00621696,-0.00962658,-0.00894402,-0.00394785,-0.00268266,-0.00309635
2019-05-10,0.01370597,0.01759711,0.02746631,0.01668814,0.01412207,0.00897049,0.01546927,0.01376924,0.01792314
2019-05-13,0.00279966,0.00930126,-0.00293433,0.00380802,0.00183582,0.00225763,0.00137386,0.01219706,0.00435502
2019-05-14,-0.00881159,-0.00144574,-0.00626198,-0.01212182,-0.00153123,-0.00897666,-0.00884990,-0.00528255,-0.01220176
2019-05-15,0.00317891,0.00037935,-0.00020621,0.00251552,-0.00188120,0.00467488,0.00371160,0.00135917,0.00487775
2019-05-16,0.00299357,0.00781591,0.00773180,0.00257514,0.00446036,0.00345083,0.00221708,0.00217012,0.00391627
2019-05-17,-0.01578128,-0.02167394,-0.01878111,-0.02027506,-0.01692300,-0.01248474,-0.02151475,-0.01471690,-0.02889092
2019-05-20,0.00133269,-0.00140932,-0.00532641,-0.00253211,0.00814179,-0.00151666,0.00424860,-0.00395157,0.00690895
2019-05-21,0.00914053,0.01418249,-0.00132388,0.00017253,-0.00002373,0.01009237,-0.00046121,0.00180740,0.00083825
2019-05-22,-0.01192220,-0.00382641,-0.00648841,-0.00793226,-0.00705885,-0.00292364,-0.01342652,0.00333527,-0.00473811
2019-05-23,0.01016219,0.00967099,0.01577047,0.00743689,0.01332079,0.00850651,0.01039617,0.01126600,0.01152550
2019-05-24,0.00134491,0.00438395,0.00047084,0.00389928,0.00181756,0.00213184,-0.00219157,0.00204416,0.00781490
2019-05-27,-0.00531967,-0.00735186,-0.00945588,-0.00826839,-0.01292930,-0.00857259,-0.00468827,-0.00516233,-0.00398315
2019-05-28,0.00498680,0.00631367,0.00334840,-0.00255998,-0.00552679,0.00270517,-0.00104508,0.00404081,0.00455032
2019-05-29,0.00095439,0.00712670,0.00850730,0.00040973,-0.00166216,0.00772997,-0.00008678,0.00557491,0.00051006
2019-05-30,-0.00117266,-0.00273487,-0.00043119,0.00051225,0.00322572,-0.00050122,-0.00289081,-0.00172209,-0.00028939
2019-05-31,-0.01416736,-0.00800879,-0.00519736,-0.01539651,-0.00691267,-0.00177725,-0.01172199,-0.00194906,-0.01556730
2019-06-03,-0.00715662,-0.00865996,-0.00913079,-0.00577778,-0.00251348,-0.00465427,0.00299903,0.00028159,-0.00649692
2019-06-04,0.00303394,0.00500830,-0.00489374,-0.00296076,-0.00298619,0.00712629,-0.00230241,0.01079312,-0.00116166
2019-06-05,-0.00218190,-0.00386963,-0.00751666,-0.00822432,-0.01320183,-0.00810009,-0.00625644,-0.00379368,-0.00503869
2019-06-06,-0.00045198,-0.00103201,0.00419936,0.00621908,0.00478230,-0.00273244,0.00330827,0.00586033,-0.00312897
2019-06-07,0.00439614,-0.00388770,-0.00227757,-0.00270857,0.00958962,-0.00137543,-0.00115531,-0.00219941,-0.00064124
2019-06-10,0.00328498,-0.00102953,0.00516184,-0.00100637,-0.00951754,0.00325291,-0.00711894,-0.00332550,0.00125220
2019-06-11,-0.00250247,-0.00409470,-0.01057271,-0.00350215,-0.00256692,-0.00574852,-0.01078716,-0.01015421,-0.01137734
2019-06-12,-0.00942125,-0.00137934,0.00237040,-0.00397973,-0.00014829,0.00533323,-0.01290843,0.00099790,-0.00313940
2019-06-13,0.01729074,0.00718870,0.00950286,0.00779600,0.01659272,0.02639476,0.01596753,0.01476948,0.01214010
2019-06-14,0.00406677,0.00527209,0.00588648,-0.00009320,0.01037942,-0.00346698,0.00918301,0.00159002,-0.00034442
2019-06-17,0.01242189,0.01110863,0.01854935,0.02226127,0.01400124,0.01455054,0.01102128,0.01412537,0.00753193
2019-06-18,0.00593268,-0.00071104,-0.00401955,-0.00535528,-0.00545816,-0.00383427,-0.00465078,-0.00465242,0.00009872
2019-06-19,-0.00392444,0.00623461,0.00466008,-0.00269148,0.00765189,0.00712635,0.00312755,0.00445253,0.00228145
2019-06-20,-0.01707605,-0.01538473,-0.01522845,-0.01834101,-0.01878129,-0.01335738,-0.01766827,-0.01067433,-0.01054836
2019-06-21,-0.00358352,-0.00651021,-0.00142278,-0.00325049,-0.00120761,-0.00891782,0.00490383,-0.00031690,-0.00073248
2019-06-24,0.01115004,0.01531630,0.01470637,0.01094313,0.01153260,0.01608385,0.00926848,0.01382181,0.01218787
2019-06-25,-0.01202514,0.00279547,-0.00963495,-0.00015936,0.00476335,0.00061773,-0.00342310,-0.00205492,-0.01310997
2019-06-26,-0.00682166,-0.00410272,-0.00407332,-0.00891000,-0.00091107,0.00331224,-0.01057716,0.00075816,-0.00113456
2019-06-27,-0.00319190,-0.00729782,0.00002389,-0.00973944,-0.00595169,0.00244466,-0.00442128,-0.00034895,-0.00154161
2019-06-28,-0.01459768,-0.01455115,-0.01295131,-0.02080260,-0.02131460,-0.01455171,-0.01855886,-0.01682453,-0.01794807
2019-07-01,0.00202032,0.00835662,0.00820987,0.01485131,0.01251224,-0.00407112,0.00570403,0.00986933,0.00933801
2019-07-02,-0.02064645,-0.01748906,-0.02701667,-0.02074255,-0.01832875,-0.01352572,-0.01933440,-0.01124287,-0.01745180
2019-07-03,0.00375347,-0.00049571,-0.00008094,0.00659249,0.00259983,0.00399213,-0.00047230,-0.00020797,-0.00303924
2019-07-04,0.00305010,0.00685494,-0.00253283,0.00104370,0.00045029,0.00070665,0.00352962,-0.00232357,-0.00017978
2019-07-05,-0.00251666,0.00231748,0.00299708,-0.00644093,0.00641098,-0.00243771,-0.00472781,-0.00522301,-0.00628956
2019-07-08,0.01164389,0.00850135,0.01571037,0.00784222,0.01289537,0.00227959,0.01461557,0.01550918,0.01137851
2019-07-09,0.01566246,0.00873976,0.00225407,0.00848639,0.01695684,0.01453837,0.01478560,0.01177529,0.00750492
2019-07-10,0.00098315,-0.00005705,0.00607565,-0.00039910,0.00006830,0.00713866,0.01082587,-0.00286360,-0.00007366
2019-07-11,0.00973910,0.00209633,0.00444812,0.00271083,0.00219991,0.00386730,-0.00389782,0.00339723,0.01289115
2019-07-12,0.00886814,0.01244627,0.01141592,0.01446408,0.01103935,0.01366963,0.00639653,0.01618979,0.00922796
2019-07-15,0.00923113,0.00823992,0.01078265,0.00741102,0.01330054,0.01652756,0.01408841,0.01210698,0.00930765
2019-07-16,0.00480770,0.00812144,0.00856623,0.00684710,0.00224046,-0.00068618,0.00706967,0.00067546,0.00488318
2019-07-17,-0.00286823,-0.00099165,0.00119956,-0.00348645,-0.00135124,0.00024478,0.00620814,-0.00545545,0.00269949
2019-07-18,-0.00080429,-0.00310291,0.00812695,0.00138052,0.00488098,0.00665374,0.00427124,-0.00463102,-0.00768216
2019-07-19,0.00198759,-0.00436451,0.00488446,-0.00332329,-0.00919690,-0.00513178,-0.00821013,0.00023109,-0.00575108
2019-07-22,-0.01217603,0.00518044,0.00385204,0.00324567,-0.00244681,0.00288331,0.00417005,0.00039277,-0.00064372
2019-07-23,0.00860066,0.01321443,-0.00432981,0.00817128,-0.00829784,0.00395623,0.00660335,0.00262155,-0.00106288
2019-07-24,0.00602658,0.00075294,0.00551120,0.00525122,0.00415811,0.00919694,0.00885314,0.00261178,0.00053452
2019-07-25,0.01826749,0.01294825,0.01237979,0.01592573,0.01653317,0.01854775,0.01269639,0.01421777,0.00547682
2019-07-26,0.00054768,0.00121634,-0.00058692,-0.00067505,-0.00209570,-0.00573641,-0.00735590,-0.00793185,-0.00092533
2019-07-29,-0.01747015,-0.00469778,-0.01143499,-0.00370578,-0.00925553,-0.00565273,-0.00853495,-0.00264512,-0.01387757
2019-07-30,0.00921778,0.00444866,-0.00223018,0.00015513,0.00813160,0.00535280,0.00047314,0.00182621,0.00856785
2019-07-31,0.00355738,-0.00612572,-0.00499810,-0.00371156,-0.00137508,-0.00459916,0.00220436,-0.00848983,-0.00156619
2019-08-01,0.00888443,0.01094711,0.00489565,0.01083124,0.01044426,0.00305290,-0.00301361,0.00660452,0.00368175
2019-08-02,-0.00539945,0.00129598,-0.00331570,-0.00415351,0.00109379,0.00388098,0.00194361,0.00263608,-0.00489880
2019-08-05,0.00794559,0.00919567,0.00682716,0.00777014,0.01160746,0.01450124,0.01215261,0.00717918,0.01011772
2019-08-06,0.00376411,-0.00149736,0.00136993,0.00344432,0.00285331,0.00221579,-0.00889549,-0.00694165,0.00493011
2019-08-07,-0.00071838,0.00370485,0.00261956,0.00322820,0.00106445,0.00198149,0.00191862,0.01046855,-0.00095120
2019-08-08,0.00299459,0.00257842,-0.00646188,-0.00318443,0.00549793,0.00052893,0.00455331,0.00169164,0.00393046
2019-08-09,0.00292857,0.00431837,0.00542077,0.01334967,0.00902497,0.00663489,0.00727063,0.00253197,0.00350116
2019-08-12,0.01065974,0.00623600,0.00907134,0.01044368,0.01048306,0.00944629,0.00615648,0.00745883,0.00559628
2019-08-13,-0.00581841,0.00385613,-0.00172976,-0.00832796,0.00307256,-0.00069939,-0.00051495,0.00044268,0.00694216
2019-08-14,-0.00370430,-0.00937683,-0.00280225,-0.00554273,0.00212674,-0.00515435,-0.01201838,-0.00672643,-0.01350372
2019-08-15,0.00030343,0.00835715,0.00046296,-0.00430416,-0.00186658,0.00030414,0.00470349,-0.00059772,-0.00395178
2019-08-16,-0.02559149,-0.01852074,-0.02546523,-0.01924911,-0.02873393,-0.02412232,-0.03522944,-0.02839044,-0.01687720
2019-08-19,0.01837323,0.01695320,0.01866796,0.01348161,0.01262213,0.01155631,0.01791536,0.02069043,0.01910406
2019-08-20,0.00244224,0.00027927,0.00372062,0.00693074,0.00220531,-0.00294149,-0.00103954,-0.00317740,0.00550854
2019-08-21,-0.00299607,-0.00106661,-0.00003837,-0.00797438,-0.00153722,-0.00620702,0.00590004,-0.00207248,-0.00489874
2019-08-22,-0.00547181,0.00327852,-0.00891282,-0.00451130,-0.00413753,0.00463590,-0.00007444,-0.00680757,-0.00147559
2019-08-23,0.00973647,0.01452236,0.00812520,0.01110360,0.01263247,0.01020879,0.00945668,0.01447152,0.01083807
2019-08-26,0.00386416,0.01336045,-0.00110120,0.00016320,0.00319624,-0.00549742,-0.00315338,0.00028616,0.00458154
2019-08-27,-0.00534160,0.00535946,0.00167927,0.00043443,0.00173210,0.00002090,-0.00517497,0.00259836,-0.00081787
2019-08-28,0.01301115,0.00338295,0.00908543,0.01603861,0.01318539,0.00684633,0.00548061,0.01459689,0.00879779
2019-08-29,0.00037775,0.00483313,0.00791576,-0.00355724,0.00174990,0.00628240,0.00271541,0.00647098,0.00421812
2019-08-30,0.00055207,0.00548992,0.00226407,-0.00585991,-0.00026559,0.00428889,-0.00384531,-0.00369293,0.00292221
2019-09-02,-0.00805910,-0.00496393,-0.01175351,-0.01286354,-0.00916945,-0.01098254,-0.00667547,-0.01045768,-0.01082796
2019-09-03,-0.01311124,-0.00952656,-0.01016418,-0.00420339,-0.00425487,-0.00772639,-0.00674790,-0.00594982,-0.00836757
2019-09-04,-0.00686437,-0.00702743,-0.00477447,-0.00583970,-0.00424232,-0.00783714,-0.00581856,-0.00796666,0.00136117
2019-09-05,-0.00019671,0.00452681,-0.00728177,-0.00187266,0.00466585,0.00640606,0.00264204,-0.00002662,0.00492685
2019-09-06,0.00234492,0.00255755,0.00182877,-0.00346442,0.00571447,0.00381435,-0.00460678,0.00250483,-0.00033634
2019-09-09,0.00773731,0.00118403,0.00368578,0.00412848,0.00820013,0.00264964,0.00490343,-0.00216565,0.00437119
2019-09-10,0.00333977,-0.00415110,-0.00666432,0.00079051,0.00393945,0.00334503,-0.00316682,-0.00618898,-0.00006298
2019-09-11,0.00064595,0.01117116,0.01138396,0.00799966,0.00484956,0.00579788,0.01247388,0.01334631,0.00291482
2019-09-12,-0.00544702,-0.01033774,-0.01080177,-0.00956293,-0.00910625,-0.00237292,-0.01049719,-0.00387677,-0.00446034
2019-09-13,0.00363047,0.00016899,0.00352171,-0.00574515,0.00090418,-0.00619656,-0.00665812,-0.00873157,-0.00041300
2019-09-16,0.00696874,0.00344922,0.00286522,0.00692404,0.00523469,0.00127519,0.00569386,0.00413539,0.00475356
2019-09-17,-0.00084878,-0.00175280,-0.00260229,-0.00306888,0.00258670,0.00472477,-0.00093885,0.00326687,0.00152973
2019-09-18,-0.01647136,-0.01177904,-0.01372147,-0.01237069,-0.01431340,-0.01449375,-0.01101592,-0.01138829,-0.00611488
2019-09-19,0.00690889,0.00663708,0.00961468,0.00756336,0.00255959,0.00592482,0.00385844,0.00216682,0.00467057
2019-09-20,-0.01222651,-0.01417602,-0.01075017,-0.01644320,-0.01801628,-0.01722073,-0.00934890,-0.01138307,-0.01483130
2019-09-23,-0.00167858,0.00139250,-0.00005480,0.00085804,-0.00613344,-0.00493244,0.00084686,-0.00235811,-0.00421358
2019-09-24,-0.00199277,-0.01224454,-0.00343006,-0.00307971,0.00114637,0.00027254,0.00397793,0.00415835,0.00634798
2019-09-25,-0.00218060,-0.00121720,0.00780497,0.00895046,-0.00719093,-0.00960375,0.00340777,-0.00305634,-0.00332275
2019-09-26,-0.00400437,0.00208003,-0.00345312,-0.00727652,-0.01041673,-0.00669841,0.00674080,0.00142087,-0.00617359
2019-09-27,-0.00953382,-0.00901516,-0.01353195,-0.01009892,-0.01235603,-0.02052858,-0.01158872,-0.00542539,-0.00748914
2019-09-30,-0.00686888,-0.00563145,0.00182044,-0.00286531,-0.00379687,-0.00466368,-0.00388051,-0.00842577,-0.00403951
2019-10-01,0.00484872,0.00573303,0.00491939,-0.00366747,0.00362276,-0.00269895,-0.00216918,-0.00560036,0.00117781
2019-10-02,-0.00097471,0.00575941,-0.00241680,0.00352362,-0.00403420,-0.00423239,-0.00088187,0.00447921,0.00208574
2019-10-03,0.00425765,0.00514708,0.00356135,0.00212333,0.00535541,-0.00208423,0.00256191,0.00672457,0.00837565
2019-10-04,-0.01097456,-0.00535370,-0.00676858,0.00008988,0.00097747,-0.00537941,-0.00201715,-0.00012972,-0.00249390
2019-10-07,-0.00848444,0.00448230,-0.00005290,-0.00335383,0.00101350,-0.00345662,-0.00386887,-0.00132623,-0.00285491
2019-10-08,0.00222045,0.00119498,-0.00080024,0.00227965,0.00436004,0.00315517,0.00140620,0.00049514,0.00178409
2019-10-09,0.00079242,-0.00513830,0.00456553,-0.00147368,0.00151179,0.00070285,0.00808493,-0.00377949,0.00011238
2019-10-10,-0.00777919,-0.00191286,0.00138032,-0.00664553,0.00110622,-0.00651501,0.00381255,0.00407622,-0.00462854
2019-10-11,-0.00958747,-0.00329390,0.00166911,-0.00392136,-0.00547973,-0.00205221,-0.00799269,-0.01013933,-0.00691233
2019-10-14,-0.00596442,-0.00271954,0.00445278,0.00542043,-0.00192190,0.00027450,0.00324782,0.00520164,0.00074956
2019-10-15,-0.00709318,-0.00556848,0.00105770,-0.00516908,-0.00336935,-0.00244904,-0.01222954,-0.00597487,-0.00162149
2019-10-16,0.00876893,0.00760076,0.00845353,0.01893574,0.00538278,0.00586107,0.01687026,0.00648724,0.00516486
2019-10-17,-0.00287425,-0.00419266,-0.00620150,-0.00161540,-0.00306859,0.00166724,-0.00715251,-0.00322174,0.00103462
2019-10-18,0.00075739,0.00170719,0.00157387,-0.00228081,-0.00704698,-0.00466067,-0.00231761,0.00162524,0.00266239
2019-10-21,0.00654490,0.00120084,0.00153791,-0.00498764,0.00107031,0.00415327,-0.00008301,0.00405055,-0.00041663
2019-10-22,-0.00717279,0.00202927,-0.00348675,0.00253708,0.00653650,-0.00118690,0.00313556,-0.00061235,-0.00229316
2019-10-23,0.01037363,0.00362783,0.00756740,0.00834473,0.00599701,0.00587411,0.00153598,0.00414707,0.00712563
2019-10-24,0.00014376,0.00383066,-0.00255076,-0.00324746,-0.00299795,0.00852578,0.00285082,-0.00434587,0.00360205
2019-10-25,-0.00794972,-0.00843207,-0.00997290,-0.00840289,-0.00742046,-0.00731655,-0.00285737,-0.00511124,-0.00784418
2019-10-28,-0.00471650,-0.00766750,-0.00557130,-0.01231071,-0.00697967,-0.00908931,-0.01058048,-0.00592132,-0.01251018
2019-10-29,0.01777554,0.01703220,0.01418871,0.01689719,0.02188729,0.01553463,0.01903491,0.02440846,0.01748336
2019-10-30,0.00253681,-0.00093388,0.00255582,0.00335340,-0.00161226,-0.00092709,-0.00271237,-0.00056259,-0.00197681
2019-10-31,0.00856509,0.00118910,0.00296816,0.00540965,0.00533499,0.00189044,0.00330152,0.01023034,0.00351661
2019-11-01,0.02368227,0.01862273,0.02578584,0.02828603,0.02286854,0.01733087,0.01786491,0.02039170,0.01692881
2019-11-04,-0.00276170,-0.00573260,-0.00284304,0.00188753,-0.00201317,0.00163920,0.00269741,-0.00338556,0.00629214
2019-11-05,-0.00985741,-0.01430903,-0.00761144,-0.00892305,-0.00861502,-0.01446894,-0.01820985,-0.00817006,-0.00933242
2019-11-06,-0.01327268,-0.00419730,-0.00575596,-0.01263654,-0.01294359,-0.01216156,-0.00211555,-0.01155329,-0.00315820
2019-11-07,-0.01125531,-0.00837259,-0.01378629,-0.00788096,-0.01152447,-0.01031198,-0.00681451,-0.00709872,-0.00839593
2019-11-08,0.00975575,0.01048366,0.00227892,0.00693604,0.00200242,0.00766479,0.00744706,0.00339631,0.00436809
2019-11-11,-0.00403351,-0.00234975,0.00102083,-0.00244159,0.00227847,-0.00589512,-0.00478413,-0.00860242,-0.00384055
2019-11-12,-0.00231167,-0.00315937,-0.00528218,0.00372539,-0.00582552,-0.00549862,-0.00704619,-0.00861317,-0.00482738
2019-11-13,0.00948779,0.01336108,0.01506240,0.01026039,0.01002314,0.01663083,0.01312767,0.00742333,0.01801400
2019-11-14,-0.00623225,0.00413135,-0.00356508,0.01090309,-0.00113286,0.00457499,-0.00076315,0.00596304,0.00167926
2019-11-15,0.00581236,0.01368148,0.01046982,0.01329086,0.00693498,0.00263048,0.00638923,0.00817891,0.00317322
2019-11-18,-0.01317399,-0.00070594,0.00046259,-0.00081365,0.00059001,-0.00351747,-0.01004638,-0.00167616,0.00486877
2019-11-19,-0.00768117,-0.01083841,-0.00819114,-0.00532162,-0.01054841,-0.01232462,-0.01396004,-0.01196790,-0.01004342
2019-11-20,0.00528956,0.00947848,-0.00337509,-0.00016421,0.00378209,0.00540590,-0.00001622,0.00501555,0.01131444
2019-11-21,0.00152038,0.00104260,0.00837884,-0.00344495,0.00811796,0.00280946,-0.00010121,-0.00711549,0.00039294
2019-11-22,-0.00391800,-0.00468537,-0.00441267,0.00302174,-0.00278935,-0.00131256,-0.00642870,-0.00204147,-0.00387662
2019-11-25,-0.00414641,-0.01237220,-0.01143622,-0.01491513,-0.01496880,-0.00396717,-0.00458205,-0.00028451,-0.00274929
2019-11-26,0.00430952,-0.00055885,-0.00171621,0.00658599,-0.00321427,-0.00276747,-0.00175896,0.00630958,-0.00406024
2019-11-27,0.01012984,0.00534149,0.01393197,0.00270838,0.01461703,0.01270445,0.00535892,0.00913962,0.00599934
2019-11-28,0.00144437,0.00065637,-0.00223239,0.00604738,-0.00387373,-0.00624460,0.00443001,-0.00132856,0.00009802
2019-11-29,0.00819043,0.00647872,0.01000943,0.00914040,0.01462891,0.00779177,0.01068386,0.00976419,0.01724725
2019-12-02,-0.00491455,-0.00622200,-0.00874713,-0.00714906,-0.00476091,-0.00737830,-0.00680592,-0.00618177,-0.00547844
2019-12-03,0.01640699,0.00639016,0.00910672,0.00793152,0.01120813,0.01450202,0.01034645,0.00372802,0.00625088
2019-12-04,-0.00619862,-0.00405573,-0.00290472,-0.00318245,-0.00524058,-0.01273043,-0.00368629,-0.00170663,-0.00958515
2019-12-05,0.00519033,0.01080348,0.00716881,0.01185560,0.01600960,0.01307129,0.00684334,0.00240215,0.01462119
2019-12-06,-0.00688137,-0.00905194,-0.00593400,-0.01138546,-0.00616602,-0.00759568,-0.01325574,-0.01385493,-0.01578029
2019-12-09,0.00412517,0.00094887,-0.00427764,0.00010567,0.00551997,-0.00407553,0.00451548,-0.00789153,-0.01145151
2019-12-10,0.00464798,0.00641759,0.00153005,0.00185345,0.01057282,0.00561920,0.00421720,0.01117698,0.00953837
2019-12-11,0.00999125,0.00711974,0.00876381,0.00226055,0.00454531,0.00321629,0.00201551,0.00809466,0.00011075
2019-12-12,-0.00552504,-0.01160050,-0.00888725,-0.00897685,-0.00269700,-0.00228268,-0.00441504,-0.00875493,-0.00220776
2019-12-13,0.00284639,0.00445178,-0.00433393,-0.00065828,-0.00544874,-0.00221853,-0.00186220,0.00333434,-0.00275358
2019-12-16,-0.02389407,-0.02034623,-0.03195810,-0.02474868,-0.02037126,-0.02655781,-0.02692620,-0.01858779,-0.02622413
2019-12-17,-0.00254758,-0.00500838,0.00656196,-0.01018331,0.00139453,-0.00806597,-0.00275724,0.00322838,-0.00398077
2019-12-18,-0.01107819,-0.01123569,-0.00708693,-0.01444111,-0.01015449,-0.00590936,-0.00550521,-0.00619332,-0.01165775
2019-12-19,-0.00389871,0.00331531,-0.00005512,-0.00209356,-0.00311407,0.00783788,-0.00362938,-0.00225926,-0.00409139
2019-12-20,0.00874445,0.01312985,0.00616415,0.01787485,0.01766422,0.01230516,0.00363295,0.01035036,0.00857350
2019-12-23,-0.00780963,0.00505822,0.00059769,-0.00152156,-0.00263348,-0.00576945,-0.00187060,0.00314379,-0.00300610
2019-12-24,0.01031251,0.00528015,0.01216573,0.00972210,0.01014555,0.02015436,0.01101234,0.00975196,0.01712171
2019-12-25,-0.00230342,-0.00965299,-0.00407101,-0.00390741,-0.00814470,-0.00906449,-0.01293693,-0.00824682,-0.01364708
2019-12-26,-0.00204518,0.00050989,-0.00474653,-0.00248414,-0.00827016,-0.00652665,-0.00763521,-0.00460286,0.00176003
2019-12-27,0.00509354,0.00265296,0.00660653,0.00806362,0.00243268,0.00294784,0.00157122,0.00951627,0.00177121
2019-12-30,-0.01029389,-0.01418030,-0.00695529,-0.01478792,-0.00435769,-0.00884368,-0.00456998,-0.00297229,-0.00374434
2019-12-31,-0.01017486,-0.01197700,-0.00147157,-0.00366628,-0.01375915,-0.00005127,-0.00343518,-0.00383413,-0.01311258
2020-01-01,-0.00616195,-0.01412644,-0.01854189,-0.01650082,-0.01408956,-0.01879717,-0.00892014,-0.01486958,-0.00688205
2020-01-02,0.01149408,0.00801688,0.00990998,0.00659435,0.01555075,0.00585753,0.00926593,0.00960624,0.01124524
2020-01-03,-0.00187774,0.00103578,-0.00970657,-0.00392547,-0.00188892,-0.01012424,-0.00052646,-0.00496142,-0.00158038
2020-01-06,-0.01452071,-0.01344831,-0.01943572,-0.01758604,-0.01283258,-0.01202377,-0.00807472,-0.01262746,-0.01102602
2020-01-07,-0.01073979,0.00001376,-0.00484288,0.00901109,-0.00222475,-0.00754724,-0.00871505,-0.00261312,0.00040940
2020-01-08,0.01423149,0.00716044,0.00314861,0.01201735,0.00710311,0.00639374,0.00917640,0.00675912,0.01151583
2020-01-09,0.01421647,0.02178235,0.01954333,0.01082934,0.01579858,0.01815237,0.02271651,0.01353048,0.01737092
2020-01-10,-0.00465185,0.00180555,-0.00090718,-0.01009132,-0.00367799,-0.00761079,-0.00655484,-0.00929271,-0.01429872
2020-01-13,-0.01286069,-0.01805984,-0.01010854,-0.01021479,-0.01210304,-0.01547121,-0.01268880,-0.01046582,-0.01207340
2020-01-14,0.00997536,0.00459302,0.00714322,0.01567351,0.01413130,0.00926726,0.00550814,0.00357413,0.00377561
2020-01-15,-0.00248324,0.00183043,-0.00483263,-0.00261413,-0.00039289,-0.00361236,-0.00663855,-0.01121950,-0.00183690
2020-01-16,-0.00502305,-0.00403672,-0.00987081,-0.00872217,-0.00658927,-0.01215969,-0.00834918,-0.01539028,-0.00701522
2020-01-17,0.00306776,0.00642721,0.00766483,0.00084724,0.00131287,-0.00311708,-0.00005884,-0.00010801,0.00222472
2020-01-20,0.00396030,0.00103380,0.00367006,0.00882488,0.00404662,-0.00159744,0.00426774,0.00057859,0.00059896
2020-01-21,-0.00520696,-0.00950713,-0.00293717,-0.00650508,-0.00372806,-0.00600381,-0.01291846,-0.00431581,-0.00576773
2020-01-22,-0.00055716,-0.00691512,-0.00132419,-0.00281268,0.00045830,0.00420292,-0.00118103,0.00148025,-0.00539013
2020-01-23,0.00605956,0.01095050,0.01299526,0.00993538,0.01180717,0.00921154,0.00865120,0.00959815,0.00289147
2020-01-24,-0.00857873,-0.00136961,0.00231705,-0.00742691,-0.00578614,-0.01019124,-0.00515890,0.00034472,-0.00582338
2020-01-27,0.01194408,0.01226124,0.00817167,0.00294755,0.01115692,0.01431922,0.01373302,0.01001091,0.01038030
2020-01-28,0.00297217,-0.00687778,-0.00841738,0.00012620,-0.00500928,-0.00268494,-0.00008580,-0.00720927,0.00140976
2020-01-29,0.00037118,0.00578506,0.00105073,-0.00474854,0.00635930,0.00156680,0.00029366,0.00206283,-0.00361805
2020-01-30,-0.01081725,-0.01475158,-0.01730997,-0.01949538,-0.01016536,-0.01020583,-0.01808008,-0.02198838,-0.00438806
2020-01-31,-0.00597575,-0.01023492,-0.01002491,0.00031876,-0.01019269,-0.00765669,-0.00381706,-0.00153944,-0.00512609
2020-02-03,-0.00037445,0.00873126,0.01217496,-0.00088705,0.00405547,0.00674107,0.00060190,0.00152004,0.00393771
2020-02-04,0.00363116,0.00104886,-0.00688773,-0.00252716,0.00128502,0.00562530,0.00213292,-0.00043527,0.00856068
2020-02-05,-0.00624959,-0.00915241,-0.00428400,-0.00862398,-0.00512336,-0.01379262,-0.00473684,-0.00725816,-0.00238085
2020-02-06,0.00371361,-0.00000326,-0.00586509,-0.00670241,-0.00364791,0.00514483,-0.00384642,0.00153110,-0.00256473
2020-02-07,0.00095754,0.00017421,0.00275669,-0.00514272,0.00790424,-0.00088423,0.00507891,-0.00646893,0.00169199
2020-02-10,0.00432465,0.00227906,0.00024499,0.00657135,-0.00066856,-0.00554524,-0.00631415,0.00478037,0.00594054
2020-02-11,-0.00165795,0.00987270,0.00888761,0.01099077,0.00066799,0.01138859,0.00395293,0.00250632,0.00305055
2020-02-12,0.01162758,0.02074109,0.00477193,0.00154073,0.01385692,0.01272585,0.00029174,0.01377572,0.00279547
2020-02-13,0.01218997,0.01597393,0.01455150,0.01034890,0.01050385,0.02345429,0.00918492,0.01703723,0.01694863
2020-02-14,-0.00043445,-0.00368740,0.00112904,-0.00524270,0.00215804,-0.00987426,-0.00847857,-0.00174456,-0.00624557
2020-02-17,0.00297040,0.00485378,0.01026794,0.00578154,0.00521661,-0.00109088,0.00174922,0.00337928,0.00680150
2020-02-18,-0.00420968,-0.00764062,0.00032049,-0.00215793,-0.00131228,-0.00091392,-0.00172624,-0.00702651,-0.00358472
2020-02-19,0.01045049,0.01452541,0.01169900,0.00831812,0.01337774,0.00934019,0.00236990,0.01480814,0.01221297
2020-02-20,-0.00151040,0.00043571,-0.00108968,0.00250454,0.00071054,-0.00103053,-0.00332966,-0.00030421,-0.00052537
2020-02-21,0.00981217,0.00747572,0.00558709,0.00363419,-0.00015528,0.00418392,-0.00141965,0.00547557,0.01341432
2020-02-24,-0.01480650,-0.00933983,-0.01313232,-0.02170306,-0.01206890,-0.01018265,-0.02202476,-0.01849947,-0.01632734
2020-02-25,0.00056253,-0.00426638,0.00550176,-0.00167772,0.00368884,0.00093111,0.00008039,-0.00234898,0.01061403
2020-02-26,0.00091048,-0.00393622,-0.00195758,0.00626729,0.00008849,-0.00354489,0.00163248,-0.00652077,-0.00466852
2020-02-27,0.00598508,0.01038124,0.00575423,0.01501538,0.00593622,0.00138540,0.01222117,0.00736119,0.01419277
2020-02-28,0.00383306,0.00293994,0.00120929,0.00376704,0.00637845,0.00688987,0.00413146,-0.00023979,0.00432614
2020-03-02,0.00660141,0.01486750,0.00734499,0.00775547,0.00630169,0.00190089,0.00016175,0.01047641,0.00766625
2020-03-03,0.00177111,0.00282728,0.00350445,0.00186929,0.01005079,-0.00259654,-0.00039188,0.00717455,0.00319287
2020-03-04,0.00137202,0.01068520,0.01090222,-0.00059505,0.01070552,0.00574895,0.00322512,0.00086532,-0.00069663
2020-03-05,0.00436411,0.01283177,0.00554311,0.00179422,0.00480805,0.00880624,0.00636221,0.00454499,0.00229177
2020-03-06,-0.00870169,-0.01970565,-0.01211178,-0.01334018,-0.00825669,-0.01034861,-0.01324444,-0.01026354,-0.01279632
2020-03-09,-0.01056000,-0.01258965,-0.00352145,-0.00899602,-0.01672696,-0.01240275,-0.01501750,-0.01100191,-0.01257467
2020-03-10,0.00328154,-0.00004404,0.00677511,0.01184649,0.00919825,0.00909828,-0.00347540,0.00487519,0.00911350
2020-03-11,0.00323214,0.01542123,0.01799801,0.01459426,0.01601633,0.01307065,0.00711835,0.01340676,0.01223119
2020-03-12,-0.00012745,-0.00159994,0.00084064,0.00268560,-0.00408216,-0.00018292,0.00271195,0.00032091,0.00468937
2020-03-13,-0.00667403,-0.00587692,-0.00084360,0.00011817,-0.00091515,-0.00099616,-0.00039298,-0.00250344,-0.00551357
2020-03-16,-0.00626374,-0.00425782,-0.00401643,-0.00864382,0.00574912,0.00403817,0.00154439,-0.00952490,-0.00255118
2020-03-17,-0.00764765,-0.00594545,-0.00787025,-0.00493230,-0.00587641,-0.00527394,-0.00621467,-0.00711983,-0.00382401
2020-03-18,0.02201491,0.01651893,0.01441709,0.01599654,0.03024757,0.01433010,0.02096645,0.00837437,0.01517603
2020-03-19,0.01795503,0.01022907,0.01562037,0.01330157,0.01411886,0.01603668,0.00916928,0.01162087,0.01076430
2020-03-20,-0.01131527,-0.01589718,-0.01394025,-0.00717680,-0.01310188,-0.01153176,-0.00834699,-0.01472723,-0.00838818
2020-03-23,0.00408568,0.00463962,0.00169191,0.00217206,0.00856137,0.00283028,0.01125626,0.01446459,0.00299726
2020-03-24,0.00486799,0.00023021,0.01113202,0.01346969,0.00561331,0.00537438,-0.00403517,-0.00066581,0.00595025
2020-03-25,0.01734888,0.01207639,0.01213581,0.01044132,0.01375485,0.00902181,0.01108502,0.01685372,0.01109110
2020-03-26,-0.00350246,0.00018151,-0.00503683,-0.00828535,-0.00029616,-0.00818136,-0.00277566,0.00048132,-0.00284337
2020-03-27,0.00618321,0.01454395,0.01314860,0.01046313,0.00774505,0.01150893,0.00813841,0.01070443,0.00799346
2020-03-30,-0.02009234,-0.00696810,-0.00997596,-0.01054601,-0.00788175,-0.01583456,-0.00961495,-0.01404511,-0.01150995
2020-03-31,-0.00309392,0.00613455,-0.00494794,0.00121039,0.00324664,0.00235667,-0.00240419,0.00494705,0.00231666
2020-04-01,-0.00544974,-0.01101719,-0.01711601,-0.01131727,-0.00919397,-0.00863458,-0.01415768,-0.01509614,-0.01545225
2020-04-02,0.00373696,-0.00159331,-0.00196582,-0.00139118,-0.00526690,0.00407931,0.00130354,-0.00145726,0.00163539
2020-04-03,0.00218500,0.01637862,0.00556134,0.01099009,0.01713569,0.00546950,0.01450089,0.01349893,0.00789423
2020-04-06,-0.00723072,-0.00184754,-0.00273175,0.00296049,-0.00469768,-0.00219137,-0.00579733,0.00118890,0.00516816
2020-04-07,-0.00057404,0.00244597,0.00201958,0.01080490,0.00283443,0.00330883,0.00102307,0.00856931,0.01213124
2020-04-08,-0.00677581,-0.00225649,-0.00273495,0.00127823,-0.00111383,0.00431496,0.00306108,-0.00137004,0.00210233
2020-04-09,-0.01128586,-0.01418576,-0.00097166,-0.00777319,-0.00348519,-0.00954308,-0.00554734,-0.00861116,-0.01177892
2020-04-10,0.00690505,0.00714465,-0.00016716,0.00075765,0.00151697,0.01357578,0.00524814,0.00099275,-0.00181841
2020-04-13,-0.00666484,-0.00867311,-0.01339813,-0.00243752,-0.00756451,-0.00629649,-0.00224095,-0.00370548,-0.00049430
2020-04-14,-0.00279055,0.00213877,-0.00565433,0.00456107,-0.00858909,-0.00424698,0.00043502,0.00386638,-0.00101312
2020-04-15,0.00786357,0.00045440,0.00381756,0.00414713,0.00213660,0.00071919,0.00245826,0.00909283,-0.00049201
2020-04-16,0.00928553,0.00431101,0.00178721,-0.00101304,0.00099291,-0.00655420,0.00247723,0.00308945,0.00331934
2020-04-17,0.00145486,0.00024885,0.00063384,-0.00494206,0.00786572,0.00433176,-0.00229709,0.00640492,-0.00247721
2020-04-20,-0.00421659,-0.00443644,-0.01244050,-0.00243696,0.00234356,-0.00401257,0.00191153,-0.00240292,0.00052483
2020-04-21,-0.00275974,-0.00784845,-0.00528258,-0.00179596,0.00528927,-0.00453959,-0.00496682,0.00151700,0.00659499
2020-04-22,-0.01143792,-0.00651375,-0.00392508,-0.00375930,-0.01160029,-0.00251268,-0.00127843,-0.01091029,-0.00644546
2020-04-23,0.00590684,0.00341294,-0.00015275,0.00653284,0.01424306,0.00865721,0.00720598,0.00859993,0.00765296
2020-04-24,-0.01458502,-0.00866792,-0.00765119,-0.00601780,-0.01352860,-0.00430761,-0.01289051,-0.00973387,-0.00633002
2020-04-27,-0.00529188,0.00370259,-0.00109371,0.00234289,0.00091194,0.00488097,-0.00856721,0.00385027,-0.00058918
2020-04-28,-0.00583893,-0.00437989,-0.00192247,-0.00235555,-0.00294916,-0.00304916,0.00284192,-0.01060355,-0.00240449
2020-04-29,-0.00238087,0.00813127,-0.00229465,0.00699183,0.00399273,0.01079511,-0.00353000,0.00334862,0.00089118
2020-04-30,0.00462698,0.00359646,0.00008846,0.00433638,-0.00331221,0.00230468,-0.00352072,0.00609178,-0.00181188
2020-05-01,0.01113764,0.01207094,0.01560895,0.01673600,0.01167452,0.01233105,0.02074088,0.00486087,0.00898635
2020-05-04,0.00280025,0.00718627,-0.00029175,0.00653037,0.00322909,0.00013943,0.00312094,0.00589738,0.01185584
2020-05-05,-0.00929354,-0.00634913,0.00301531,-0.00497109,0.00015399,-0.00247570,0.00182766,-0.00176990,-0.00242881
2020-05-06,0.00747077,0.00656175,0.00584365,0.00451278,0.00871664,0.00689824,0.01208533,0.00850160,0.00526222
2020-05-07,-0.00426000,0.00610597,-0.00323153,-0.00403469,0.00117413,0.00427144,0.00599342,0.00513545,0.00436435
2020-05-08,0.00081449,0.00249346,0.00034156,-0.00266177,0.00622171,0.00460619,-0.00661657,0.00861870,0.00553720
2020-05-11,0.00740541,0.00758263,0.00442789,0.00092507,0.00128995,0.00183745,0.00386715,0.00564363,0.00221004
2020-05-12,-0.00742186,-0.01135198,-0.00839226,-0.00867835,-0.01205576,-0.00591603,-0.00586604,-0.01451575,-0.00901937
2020-05-13,-0.00371619,-0.00296044,-0.00180245,-0.00730411,-0.00820264,-0.00403453,-0.01256760,-0.00820557,-0.01439792
2020-05-14,-0.01584649,-0.01035026,-0.01519935,-0.00989437,-0.00954423,-0.01412439,-0.01346679,-0.00924902,-0.01009188
2020-05-15,-0.01567763,-0.00844634,-0.00866663,-0.01018878,-0.00489284,-0.00507483,-0.01009203,-0.01564511,-0.01101557
2020-05-18,0.00130914,-0.01138329,-0.00334133,-0.00435372,0.00431437,-0.00146654,-0.00159504,-0.00216618,0.00227141
2020-05-19,-0.02087524,-0.01808187,-0.01429779,-0.01769458,-0.01278568,-0.01466898,-0.01044012,-0.01331330,-0.01672021
2020-05-20,0.00002203,-0.00051780,0.00133062,-0.00760124,-0.00631768,-0.00269655,-0.00992452,-0.00768475,-0.01393073
2020-05-21,-0.00356181,-0.00419991,-0.00104278,0.00170580,0.00016213,-0.00457905,-0.00698861,-0.00667071,-0.00498264
2020-05-22,0.00815261,0.00946590,0.01318381,0.01144961,0.01452398,0.00584164,0.01368533,0.00564805,0.01399037
2020-05-25,0.00703240,-0.00198456,-0.00265362,-0.00611812,0.00164101,-0.00743047,-0.00733995,-0.00508056,-0.00937173
2020-05-26,-0.00341173,-0.00244755,-0.00290334,-0.00065772,0.00318248,-0.00649891,-0.00480064,-0.00034497,0.00298668
2020-05-27,-0.00111812,0.00492811,0.00025904,0.00507807,-0.00268883,0.00025888,0.00769638,-0.00378450,0.00473894
2020-05-28,0.01621532,0.01822471,0.01972636,0.00969292,0.01340280,0.01434385,0.00987070,0.01657245,0.01355080
2020-05-29,0.00253020,-0.00211148,0.00212913,0.00408517,0.00335501,-0.00417409,-0.00327021,0.00747807,-0.00735563
2020-06-01,0.00279260,-0.00033251,0.00048528,0.00645931,0.00596947,0.01373371,-0.00196170,-0.00081225,0.00033472
2020-06-02,0.00583532,0.00643028,0.00470675,0.00371945,0.01151781,0.00998671,0.00823677,0.00767433,0.00862923
2020-06-03,0.01052929,0.00942209,0.01836308,0.01173890,0.00747586,0.01387707,0.00444828,0.00956300,0.01047673
2020-06-04,0.00096539,0.00354422,0.00078067,0.00309528,0.00129371,0.01047199,0.00504730,0.00269715,-0.00046362
2020-06-05,0.01467162,0.00926162,0.00281417,0.01125910,0.02039188,0.00616285,0.00700462,0.00776746,0.01460055
2020-06-08,0.01035679,0.00337765,0.00036922,0.00714749,0.00719232,0.00737380,0.01157893,0.01142611,0.00871591
2020-06-09,0.00756137,0.00613196,0.00491403,-0.00266520,0.00810505,0.00266562,0.00901997,0.00681738,0.00834488
2020-06-10,-0.00895981,-0.00780265,-0.00797731,-0.00608694,-0.01165765,-0.00242520,-0.00765947,-0.00744436,-0.00631503
2020-06-11,-0.01196886,-0.01288571,-0.01270317,-0.00362117,-0.01842988,-0.01535776,-0.00520942,-0.00921682,-0.01273246
2020-06-12,-0.00108711,-0.01208372,0.00317648,-0.00641108,-0.00426772,-0.00287725,0.00303520,-0.00205641,-0.01026783
2020-06-15,-0.00247815,-0.00796383,0.00019947,-0.00125968,-0.00726074,-0.00413491,-0.00365890,-0.01038230,-0.00886675
2020-06-16,-0.00228490,0.01261676,0.01589394,0.00985833,0.00399177,0.00924060,-0.00068372,0.01133575,0.00782326
2020-06-17,0.01137020,0.00596249,0.00625729,0.00231343,0.00003841,0.00585453,0.00816282,0.00233274,0.00403761
2020-06-18,-0.00485385,-0.00374109,0.00746023,0.00385011,-0.00307448,0.00122356,-0.00279212,-0.00656540,-0.01145353
2020-06-19,0.00441925,0.00675543,0.01571142,0.00698187,0.00789175,0.00754770,0.00805372,0.00827464,0.00396243
2020-06-22,0.01080725,0.00444754,0.00916881,0.00610531,0.00792116,0.00841025,0.00246575,0.00441231,0.00606226
2020-06-23,0.00578713,0.01276762,0.00307138,-0.00147775,-0.00209977,0.00401707,0.00903226,0.00464765,-0.00184248
2020-06-24,-0.00716806,0.00037893,-0.00296284,0.00414076,0.00057691,0.00003930,-0.00151740,0.00204034,0.00342782
2020-06-25,0.00477514,0.00430979,0.01138272,0.00353339,0.00748100,0.01142924,0.00717999,0.00072801,0.00997533
2020-06-26,0.00868986,0.00396394,0.00705051,0.01094443,0.00730490,0.01834180,0.00645613,0.01343134,0.01450878
2020-06-29,-0.00361568,0.00026931,-0.00574347,0.00166784,-0.00012266,0.00414670,0.00563035,-0.00101129,-0.00226155
2020-06-30,0.00120554,0.00228610,-0.00125808,0.00530969,-0.00253673,0.00333512,0.00430067,0.00404126,0.00025198
2020-07-01,-0.01011412,-0.02438430,-0.01393688,-0.02407655,-0.01985354,-0.02437895,-0.01727912,-0.01435587,-0.01494326
2020-07-02,0.01722187,0.01386076,0.00768264,0.01094206,0.01389163,0.00656174,0.00722956,0.01309819,0.01249203
2020-07-03,0.00301750,-0.00487495,0.00374077,-0.00005059,-0.00107769,0.00026826,-0.00645334,0.00057757,-0.00985567
2020-07-06,0.00784697,0.01193464,0.00886887,0.00561390,0.01315442,0.01055433,0.00957710,0.00684106,0.00372549
2020-07-07,-0.00961860,-0.00928176,-0.01434543,-0.00927424,-0.00417394,-0.00327815,-0.00490199,-0.00933916,-0.01106625
2020-07-08,0.00643612,0.00849969,0.00572558,-0.00007229,0.00327047,0.00902222,0.00068611,0.00979155,-0.00042295
2020-07-09,-0.00565797,-0.00196076,-0.00390497,-0.00895842,0.00192319,-0.00252838,-0.00304116,-0.00332290,-0.00379749
2020-07-10,-0.00312305,-0.00161428,-0.00470878,0.00501429,-0.00276197,-0.00026883,-0.00019722,-0.00020596,-0.00183530
2020-07-13,-0.00372234,-0.00074567,-0.00146044,-0.00487944,0.00018970,0.00135120,0.00048041,0.00073754,-0.00452609
2020-07-14,-0.01161237,-0.01355886,-0.01131053,-0.00914991,-0.00544627,-0.01217932,-0.01255497,-0.01389464,-0.01372769
2020-07-15,0.02131442,0.02460022,0.02545042,0.01781475,0.02639879,0.02764296,0.02327621,0.01685179,0.01821896
2020-07-16,0.00249344,0.01079659,0.00237881,0.00529831,0.00576253,-0.00317123,0.01195549,0.00519251,0.00651060
2020-07-17,0.00631789,0.00063300,0.00689606,-0.00377429,0.00850420,0.00552169,0.01144020,0.00399442,0.00663798
2020-07-20,0.01102959,0.00944860,-0.00325676,0.00225011,0.00676466,0.00487817,0.01237364,0.00587410,0.01180583
2020-07-21,0.00377574,0.00771658,0.00329414,0.00732566,-0.00164971,0.00566707,0.00395944,0.00316108,-0.00024059
2020-07-22,-0.00813501,-0.00720195,-0.00536815,-0.01522539,-0.00998461,-0.01077931,-0.00427768,-0.01262073,-0.00820343
2020-07-23,0.01207486,0.01676274,0.01685502,0.00784281,0.01195957,0.01551940,0.00452248,0.00625281,0.02010646
2020-07-24,-0.00085920,0.00366906,-0.00269868,-0.00208873,-0.00390587,0.00180010,0.00970102,-0.00199056,0.00152755
2020-07-27,-0.00134866,0.00312725,0.01076001,0.00199208,0.00546077,-0.00472339,0.00263112,0.00179264,-0.00210082
2020-07-28,-0.00635777,-0.00143040,0.00385891,-0.00592794,-0.00704089,-0.00445889,-0.00575690,-0.00145926,0.00198914
2020-07-29,-0.00376252,-0.00348770,-0.00405045,0.01040664,0.00057670,0.00067524,-0.00535292,0.00214094,0.00095867
2020-07-30,0.00852474,0.00430369,0.01551946,0.00715593,0.00949623,0.00600128,0.00848936,-0.00152113,0.00506452
2020-07-31,-0.01080835,-0.00043776,-0.00807752,-0.00284569,-0.01221499,0.00252257,0.00198714,-0.01687367,-0.00402658
2020-08-03,0.00216930,-0.00713598,-0.00593496,-0.00079410,-0.00571285,-0.00534199,0.00483067,-0.00594823,-0.00477534
2020-08-04,0.00026364,-0.00242972,-0.00309163,-0.00640765,0.00294384,-0.00213649,-0.00090635,-0.00022128,0.00057061
2020-08-05,0.01200855,0.01133884,0.01243240,0.00790111,0.01298539,0.01430816,0.00515032,0.01650298,0.01245767
2020-08-06,0.00795795,0.00534968,0.00819733,0.00497484,0.00646181,-0.00551895,0.00605891,0.00253279,-0.00229099
2020-08-07,0.01003530,0.01310110,0.01695781,0.01438019,0.01513657,0.00683371,0.01425698,0.01264962,0.01217366
2020-08-10,-0.01261146,-0.00391910,-0.01673267,-0.00869073,-0.01513036,-0.00398333,-0.01205066,-0.02128021,-0.01520947
2020-08-11,0.01277683,0.00871395,0.00651638,0.01237789,0.01282771,0.01499655,0.00218622,0.00778890,0.00744800
2020-08-12,-0.00066207,0.00165836,0.00074131,0.00845091,0.00331220,0.00605440,0.00786136,0.00493341,0.00728359
2020-08-13,-0.00072776,0.00628626,-0.00128743,0.00316543,0.00207559,0.00277057,0.00418244,0.00105369,0.00873675
2020-08-14,0.00191961,0.01304533,0.00659978,0.00723684,0.00727918,0.00407376,0.00642479,0.00815724,0.01105367
2020-08-17,0.00015423,-0.00538452,-0.00329821,-0.00586004,0.00319405,-0.01033450,-0.00657854,-0.00368816,-0.00216816
2020-08-18,-0.01615739,-0.01503801,-0.01779628,-0.01421938,-0.01304509,-0.01469641,-0.01524384,-0.01320611,-0.00423826
2020-08-19,-0.02022940,-0.02260647,-0.02167221,-0.02102222,-0.02038507,-0.02413069,-0.02461478,-0.02266330,-0.01696609
2020-08-20,0.00017848,-0.01011596,-0.01306342,-0.00361943,-0.00508269,-0.00623417,-0.00722855,-0.00707579,-0.00809766
2020-08-21,0.01094813,0.01089228,0.01262949,0.01346843,0.01371536,0.01259672,0.01661207,0.00506648,0.00841814
2020-08-24,0.00836577,0.00623919,0.00470908,0.00010401,-0.00014153,0.00656871,0.00768165,0.01235946,0.00420225
2020-08-25,-0.00999804,-0.00668380,-0.00237398,-0.01123775,-0.00676046,-0.01010134,-0.01180522,-0.00166456,-0.00378667
2020-08-26,0.00283637,-0.00147702,-0.00789134,-0.00678169,-0.00491902,0.00403110,0.00114456,0.00143954,0.00624614
2020-08-27,-0.00264240,-0.00181610,-0.00505461,-0.00814386,-0.00096047,-0.00314496,-0.00971021,-0.01242827,-0.00064427
2020-08-28,-0.01116325,-0.01028573,-0.00286883,-0.01156612,-0.00558383,-0.01169224,-0.01252217,-0.00304265,-0.00828386
2020-08-31,0.00603213,0.01346985,0.02123812,0.01154219,0.00317850,0.00941000,0.01726894,0.01428280,0.01008742
2020-09-01,-0.00610635,-0.00010518,-0.00442080,-0.00055645,0.00227749,-0.00037802,-0.00203420,-0.00154849,-0.00351301
2020-09-02,0.00512864,0.00272828,0.00145791,0.00392373,0.00383642,-0.00608730,-0.00219217,0.00811260,-0.00641380
2020-09-03,-0.00923039,-0.00683551,-0.00494799,-0.01213115,-0.00527156,-0.00350290,-0.00351648,-0.01055825,0.00170718
2020-09-04,0.00222206,0.00827414,0.00651511,0.00331880,0.00527271,0.00734683,0.01150173,-0.00007955,-0.00252725
2020-09-07,-0.01409508,-0.00469563,-0.00637819,-0.00392312,-0.00863464,-0.00716376,0.00040010,-0.00991276,-0.00510634
2020-09-08,-0.00336927,-0.01256853,-0.00910400,-0.00842277,-0.00181686,-0.01100565,-0.00739043,-0.00285003,-0.00316802
2020-09-09,0.01721965,0.02087333,0.01488671,0.00512369,0.01175348,0.00953193,0.01338916,0.00708479,0.01190967
2020-09-10,0.00290857,0.00095489,0.00415703,0.00964233,0.00785693,0.01005876,0.00351337,0.00485197,0.00705723
2020-09-11,-0.00363730,-0.00170319,-0.00444251,-0.00282696,-0.00219711,-0.00207758,0.00043697,-0.00344756,-0.00008127
2020-09-14,0.00345575,-0.00058351,-0.00644850,-0.00806263,0.00221559,-0.00320049,-0.00355856,-0.00406462,-0.00597601
2020-09-15,0.00802323,0.01367900,0.01541392,0.01239797,0.01976315,0.01369260,0.01137197,0.01799300,0.00975948
2020-09-16,0.00596177,0.01227637,0.01156547,-0.00055149,0.01285088,0.00721661,0.01610176,0.01040864,0.00657500
2020-09-17,-0.01302889,-0.01299224,-0.00637314,-0.00238870,-0.01016682,-0.01349417,-0.00803775,-0.00754717,-0.01192075
2020-09-18,-0.00937195,-0.00883172,-0.01036313,-0.00646616,-0.00738722,-0.01414993,-0.00932550,-0.00243178,-0.00890007
2020-09-21,-0.01046800,-0.01650172,-0.01345866,-0.00622139,-0.00598449,-0.00919398,-0.01386352,-0.01176900,-0.01325469
2020-09-22,0.01764356,0.00992193,0.01328048,0.01608786,0.01594415,0.02010470,0.01352503,0.01185364,0.01315055
2020-09-23,0.00153047,0.00374557,-0.00532922,0.00319117,0.00505499,0.00310071,-0.00000369,0.00629304,-0.00605785
2020-09-24,0.00139044,0.00471893,-0.00123495,0.00213686,-0.00305096,0.00395611,0.00624756,-0.00491469,-0.00335707
2020-09-25,0.00916064,0.01243081,0.01017582,0.00548750,0.00646828,0.00769264,0.00572422,0.00962774,-0.00024608
2020-09-28,0.00291710,0.00239273,0.00303970,0.00220659,-0.00247316,0.00016761,0.00153844,0.00694691,0.00402715
2020-09-29,0.00189474,0.00391133,0.00138851,0.00716727,0.00398647,0.00672236,-0.00156842,0.00540353,0.00356438
2020-09-30,-0.01191598,-0.01246184,-0.01674829,-0.00669366,-0.00192200,-0.00914269,-0.00566079,-0.01078570,-0.00816536
2020-10-01,-0.00227335,0.00127600,-0.00132574,-0.00759962,-0.00252062,0.00520855,-0.01256730,-0.00594325,-0.00205238
2020-10-02,0.00423584,0.00467494,0.00309931,0.00305262,0.00717196,0.01270803,0.00826948,0.00584805,0.00307735
2020-10-05,0.00573891,0.00269922,0.00802991,0.01007166,0.00984266,0.01037201,0.01107499,0.01061271,0.00680579
2020-10-06,0.00398339,0.00019437,0.00275490,0.00066967,0.00118514,0.00575552,0.01043191,0.00739321,0.00153441
2020-10-07,-0.00212995,-0.00777452,-0.00918137,-0.00184924,-0.00132379,-0.00268481,-0.00464328,-0.00967041,-0.00131772
2020-10-08,-0.00062579,-0.00121986,-0.00067636,-0.00408405,-0.00727485,0.00189656,0.00418511,-0.00261203,-0.00543520
2020-10-09,-0.00173470,-0.00478619,-0.00147677,-0.00336104,-0.00616545,-0.00193629,-0.00123933,-0.00466386,-0.00655888
2020-10-12,0.01069301,-0.00053880,0.00504786,0.00672543,0.00322683,0.00369161,-0.00106051,0.01644947,0.00286270
2020-10-13,-0.00600712,-0.00550214,0.00269562,-0.00706850,-0.00161019,-0.00128410,-0.01362170,-0.00912315,-0.00832263
2020-10-14,-0.00561328,-0.01054667,0.00034689,0.00322915,-0.00027321,-0.00378549,-0.00160614,0.00022522,0.00513655
2020-10-15,0.00527371,0.00544804,0.01432630,0.00985643,0.01045861,0.00310616,0.00612212,-0.00377489,0.01092272
2020-10-16,0.00711517,0.00557432,0.01037837,0.00685095,0.01015733,0.01402758,0.01139462,0.01226177,0.00366220
2020-10-19,-0.01419608,-0.01608660,-0.00435517,-0.00891124,-0.01155683,-0.01215428,-0.01059742,-0.00621904,-0.01114090
2020-10-20,0.02063131,0.01104794,0.01744363,0.01536871,0.01653746,0.01580871,0.01669176,0.01952866,0.01320391
2020-10-21,0.00491299,0.00276272,-0.00114404,0.00018404,0.00602059,0.00148811,0.00848653,-0.00326315,0.00006234
2020-10-22,0.00435911,0.00385241,0.00711903,0.00661199,0.00219408,0.00147124,0.00766415,-0.00183114,0.01004564
2020-10-23,-0.00061285,-0.00375368,-0.00885921,-0.00013632,-0.00079279,-0.00176809,-0.00459673,-0.00426913,-0.00010809
2020-10-26,0.01079163,0.01267630,0.01006836,0.00482950,0.00795976,0.00282722,0.01191280,0.00659861,0.00765621
2020-10-27,-0.01023230,-0.01083563,-0.01050260,-0.01140755,-0.01588394,-0.01170922,-0.01742280,-0.00763628,-0.01128727
2020-10-28,0.00698277,0.00882582,0.00906789,0.01293285,0.01065121,0.00669633,0.01127622,0.01340123,0.01891050
2020-10-29,0.00378151,0.00032631,0.00406916,0.00396819,0.00411200,0.00240818,0.00198835,0.00646460,0.00491161
2020-10-30,0.00242765,0.00895392,-0.00113421,0.00420167,0.00150635,-0.00016213,0.00049347,-0.00072601,0.00718425
2020-11-02,-0.00463511,0.00213543,-0.00040791,0.00025105,0.00190408,0.00715380,-0.00343293,0.00405736,0.00218023
2020-11-03,0.00148369,0.00940082,0.00204034,0.00809550,0.00857223,0.00526305,0.00798673,-0.00003049,0.00725133
2020-11-04,0.00319781,0.00287096,0.00316492,0.01614367,-0.00065081,0.00734784,0.00729278,0.00520279,0.00773948
2020-11-05,-0.02048728,-0.02086734,-0.01683614,-0.01749081,-0.01904667,-0.01244221,-0.01996206,-0.01855218,-0.01883183
2020-11-06,0.00445828,0.00004727,0.00028398,0.00218790,-0.00008299,-0.00033991,-0.00227934,-0.00240992,0.00031308
2020-11-09,0.00963461,0.01482619,0.01251857,0.01024745,0.01642665,0.01324380,0.00724953,0.01024696,0.00699409
2020-11-10,-0.00130778,-0.00155429,-0.00380040,-0.00212570,0.00552885,-0.00498217,0.00231144,0.00337115,-0.00617961
2020-11-11,0.00011751,0.00001089,-0.00771394,-0.00376200,-0.00556902,-0.00159279,-0.00305451,0.00416572,0.00603448
2020-11-12,0.01243463,0.01223738,0.01354627,0.01006855,0.01576292,0.01302904,0.00900139,0.01078311,0.01470212
2020-11-13,0.00650529,0.00403129,-0.00445004,-0.00131458,0.00259292,0.00832721,0.00164746,0.00953101,0.00101530
2020-11-16,-0.00078990,0.00882978,-0.00102296,0.00456425,-0.00286220,0.00158115,0.00880959,0.00286832,0.00143990
2020-11-17,-0.00342478,-0.00303503,-0.00451037,-0.00159727,-0.00398976,-0.00162291,-0.00554725,0.00152313,-0.00438516
2020-11-18,-0.00203066,0.00801135,0.00224310,0.00907630,0.00175214,0.00819808,0.01384218,0.00560999,0.00261018
2020-11-19,-0.00636234,-0.00460744,0.00034809,-0.00502780,-0.00497368,-0.00851055,-0.00472780,-0.00365937,0.00322866
2020-11-20,-0.00004097,0.00457916,0.00404489,0.00833570,0.00339616,0.00535804,-0.00014030,0.00084628,0.00650881
2020-11-23,0.00269546,0.00906830,0.00139649,-0.00348475,-0.00066563,-0.00119408,-0.00319021,0.00256634,0.00049758
2020-11-24,0.00369357,-0.00387944,0.00206773,0.00854038,0.00004149,0.00686999,0.00165558,-0.00047862,-0.00201093
2020-11-25,0.01729277,0.00727479,0.01396772,0.00417659,0.00607866,0.00576599,0.00458810,0.01036766,0.00586611
2020-11-26,-0.01075720,-0.00690131,0.00155263,-0.00565829,-0.00958106,-0.00505139,-0.00639010,-0.00543548,-0.00794447
2020-11-27,-0.00148696,-0.00794430,-0.00700751,-0.00758930,-0.00142424,-0.01180370,-0.00820576,-0.01112561,-0.00601057
2020-11-30,-0.01024707,-0.01449476,-0.01323114,-0.00419266,-0.01409462,-0.00216255,-0.01606397,-0.01874435,-0.00359515
2020-12-01,-0.01371218,-0.00993224,-0.02016198,-0.01948018,-0.01148793,-0.01265444,-0.01292762,-0.01428370,-0.01244964
2020-12-02,0.00514504,0.01068562,0.00407330,0.00249181,0.00817210,0.00488802,0.00402737,0.00659912,0.00760847
2020-12-03,-0.00470257,-0.00250780,-0.00825642,-0.00721772,-0.00978684,-0.00422561,0.00055784,-0.00225273,-0.01100470
2020-12-04,-0.00496599,-0.00110202,-0.00249606,-0.00539689,0.00000747,-0.00748222,-0.00404107,-0.00446895,-0.01017761
2020-12-07,-0.01233858,-0.01248141,-0.00643598,-0.01061249,-0.00529852,-0.00876431,-0.01054837,-0.00774994,-0.01279521
2020-12-08,-0.00053273,0.00143707,-0.00447009,0.00545818,0.00090360,0.00822181,0.00228910,-0.00143263,0.00803267
2020-12-09,-0.01383797,-0.00896245,-0.01565958,-0.01113505,-0.01475921,-0.02146297,-0.01052878,-0.01842614,-0.01929238
2020-12-10,-0.00353642,0.00585987,-0.00505974,-0.00283542,-0.00601254,-0.01281056,-0.00607425,-0.00902802,-0.00018514
2020-12-11,-0.00535702,-0.00580826,-0.00013946,0.00099615,-0.00432921,-0.00791110,-0.00514747,-0.00709768,-0.01060402
2020-12-14,0.00587015,-0.00339071,0.00425235,0.00306732,-0.00014050,0.00181561,0.00162724,0.01006477,0.00479712
2020-12-15,0.00847752,0.01198453,0.00829003,0.01128189,0.00719208,0.00598590,0.00914547,0.01254521,0.00912806
2020-12-16,0.00894993,0.01047398,0.01194251,0.00682084,0.00661085,0.01080642,0.00327592,0.00901609,0.00075692
2020-12-17,-0.01659107,-0.01565918,-0.01111630,-0.00984229,-0.01416009,-0.01092153,-0.01063991,-0.01626187,-0.00977606
2020-12-18,-0.01234851,-0.00432796,-0.00754088,-0.00998629,-0.00723285,-0.00994334,-0.00032158,-0.00090795,-0.00500319
2020-12-21,0.00832138,0.01001623,0.00227773,0.00131758,0.00491823,0.00906090,0.01273498,-0.00056871,0.00803995
2020-12-22,-0.00537221,-0.00406406,-0.00510861,0.00254654,0.00594300,-0.00379445,-0.00293691,0.00358117,0.00147553
2020-12-23,0.00691205,0.00415744,0.00682162,0.00361291,0.00292697,0.00149402,0.00365887,0.00491879,0.00097859
2020-12-24,0.01553788,0.01418592,0.01120793,0.01444420,0.01769729,0.00485579,0.02449916,0.01514464,0.02334551
2020-12-25,0.00569179,0.00196613,0.00931743,0.00285615,-0.00234646,-0.00476112,0.00077085,-0.00330554,0.00369333
2020-12-28,-0.01341647,-0.01173915,-0.00087424,-0.00637091,-0.01251957,-0.00796428,-0.01087774,-0.00509983,-0.01360237
2020-12-29,-0.01291726,-0.00642396,-0.00209987,-0.00166537,-0.00861415,-0.00546491,0.00106736,-0.00272662,-0.00586948
2020-12-30,0.00184684,0.00179390,0.00579538,0.00237233,0.00171319,-0.00255214,0.00057200,-0.00130319,-0.00009267
2020-12-31,-0.01284203,-0.01264839,-0.01473829,-0.00875495,-0.01417154,-0.01728038,-0.01613009,-0.01413522,-0.01453561
2021-01-01,-0.01289134,-0.01305343,-0.01359334,-0.00985869,-0.01512849,-0.01788405,-0.01102049,-0.01564670,-0.00889522
2021-01-04,0.00948506,0.00886951,0.00181633,0.00561868,0.00880805,0.00354964,0.00079066,0.01370796,0.00179492
2021-01-05,-0.00105436,0.00168543,0.00073512,0.00056628,0.00119259,0.00545400,-0.00287715,0.00427587,-0.00504853
2021-01-06,-0.00238843,-0.00078629,-0.00298548,-0.00140039,0.00010343,-0.00037312,-0.00490793,-0.00325233,-0.00742679
2021-01-07,0.00950682,0.00769520,0.01408156,-0.00083656,0.00169571,0.00171930,0.01065203,0.01430961,0.00285006
2021-01-08,-0.00215261,-0.00788899,-0.01513336,-0.00286065,-0.00846901,0.00041262,-0.00879926,-0.00158865,-0.00285528
2021-01-11,-0.00640983,-0.00291627,-0.01004227,-0.00183212,-0.00618026,-0.00579825,-0.00660277,-0.00421727,-0.00523289
2021-01-12,-0.00007258,-0.00504501,-0.00405289,-0.00660342,0.00465873,-0.01134857,-0.00839725,-0.00692874,0.00241218
2021-01-13,0.00894119,0.00186801,0.00506327,0.00504224,0.01149813,0.01581973,0.00604936,0.00190646,0.00263089
2021-01-14,0.01115381,0.01767428,0.01248619,0.01043746,0.00258399,0.01250732,0.01146757,0.01280762,0.01129633
2021-01-15,-0.00170965,-0.00824687,-0.00240259,-0.00385335,-0.00441965,-0.00097448,-0.00169268,-0.00219057,0.00619459
2021-01-18,-0.00026715,0.00327406,0.01152488,0.00796339,0.00453155,0.00568126,0.01097613,0.00678458,0.00779554
2021-01-19,-0.00450918,0.00192025,0.00585088,-0.00019537,-0.00458230,-0.00244962,0.00257731,0.00009219,0.00253334
2021-01-20,0.00210103,0.00257359,0.00962430,0.00316231,0.00527234,0.00158677,0.00184813,0.00521992,0.00299615
2021-01-21,0.00235234,-0.00441626,0.00199501,-0.00126142,-0.00365600,-0.00690934,0.00987749,0.00345055,0.00155853
2021-01-22,0.01291062,0.00827492,0.00753195,0.00829036,0.00620912,0.01054624,0.00890771,-0.00129057,0.01308343
2021-01-25,0.00004168,-0.00675980,-0.00615822,-0.00493313,0.00526747,-0.00339146,-0.00576357,0.00270583,0.00117235
2021-01-26,0.00026324,-0.00230984,0.00249337,-0.00472192,-0.00266480,0.00105763,0.00246238,0.00301123,0.00429851
2021-01-27,-0.00503329,0.00128249,0.00258441,-0.00475706,-0.00457896,0.00070356,0.00584880,-0.00987747,-0.00135837
2021-01-28,-0.00755909,-0.01042910,-0.01048710,-0.00533337,-0.00971754,-0.00465006,-0.00719619,-0.00942308,-0.01214190
2021-01-29,0.00192010,0.00490584,0.00513537,0.00014271,0.00136447,-0.00664174,0.00099179,0.00042853,0.00510437
2021-02-01,-0.00934355,-0.00207987,-0.00769908,-0.00664059,-0.00948812,-0.01216018,0.00005511,-0.00462162,-0.00763161
2021-02-02,0.00201399,-0.00303535,0.00446431,0.00755927,-0.00043692,-0.00293877,0.00764997,-0.00218869,0.00464258
2021-02-03,-0.00798790,-0.01156877,-0.00318361,-0.00967171,-0.00534572,-0.00529004,-0.01075519,-0.00340554,-0.00502464
2021-02-04,0.00205189,-0.00077312,0.00116477,0.00731033,0.00126837,0.00262895,0.00142735,0.00243953,0.00143412
2021-02-05,-0.00385672,0.00045727,-0.00250608,-0.00240059,0.00259693,-0.00713444,-0.00218732,-0.00444857,-0.00301605
2021-02-08,-0.00871388,-0.00732387,-0.00398938,-0.00831667,-0.00714877,-0.00511347,-0.00919544,-0.00858866,-0.00944657
2021-02-09,-0.00121473,-0.01474047,-0.00706764,-0.00325583,-0.00873775,-0.00876244,-0.01569193,-0.00225463,-0.00663883
2021-02-10,0.01271222,0.01642667,0.01598710,0.00753938,0.01479023,0.01144294,0.01140261,0.02140203,0.01824880
2021-02-11,-0.00248426,-0.00011928,-0.00815174,0.00107459,-0.00695484,-0.00391910,-0.01624368,-0.00317399,-0.00424336
2021-02-12,0.00283763,0.00384675,0.00331292,0.00638543,0.00450757,0.00420301,0.00596044,0.00929139,0.00423368
2021-02-15,0.00516000,-0.00182290,0.00713283,-0.00193370,-0.00101932,0.00072187,0.00127674,0.00111199,0.00464442
2021-02-16,0.01770871,0.00634953,0.00735986,0.00865116,0.01094405,0.00839632,0.00649298,0.01035396,0.01545989
2021-02-17,0.00699569,0.02116456,0.00935730,0.02176739,0.01337912,0.00700306,0.01472143,0.00639476,0.01073267
2021-02-18,0.00571401,0.00894844,0.01013294,0.00308716,-0.00278387,0.00106090,0.01117741,0.00485098,0.00127860
2021-02-19,0.01330854,0.00917344,0.01085407,0.01368978,0.01148604,0.00757493,0.00799343,0.01332043,0.01086817
2021-02-22,0.01481250,0.00816141,0.01415798,0.00926462,0.01513702,0.01333146,0.00576974,0.01585606,0.01489368
2021-02-23,-0.00263957,0.00285574,0.00331593,0.00714044,0.00052845,-0.00251380,0.00097972,0.00207735,0.00635474
2021-02-24,-0.00463492,-0.00315602,-0.00326638,-0.00453998,-0.00083927,-0.00764959,-0.00564711,-0.00604340,-0.00400917
2021-02-25,-0.01349746,-0.01200002,-0.01000863,-0.01160544,-0.01002936,-0.01387619,-0.00279055,-0.00610076,-0.01145914
2021-02-26,0.00428452,0.00160411,0.00349020,-0.00506395,-0.00199700,0.00304191,-0.00177895,-0.00665894,0.00517908
2021-03-01,-0.01026881,-0.00787385,-0.00824804,-0.02153001,-0.01125362,-0.01392297,-0.01258489,-0.01880176,-0.01760209
2021-03-02,-0.00045951,0.00123745,0.00020388,0.00102411,0.00093227,0.00111338,-0.00618500,-0.00401483,-0.00091334
2021-03-03,-0.01696613,-0.01932141,-0.01337283,-0.00459019,-0.01454528,-0.01387257,-0.01691831,-0.01515335,-0.00608421
2021-03-04,0.01050376,0.01421622,0.00761630,0.01134793,0.00967955,0.01184989,0.01403011,0.00931214,0.01113936
2021-03-05,0.00652798,0.00860638,0.00198942,0.00737685,0.00696811,-0.00493103,0.00551577,0.00614956,0.00100607
2021-03-08,-0.01090096,-0.00557418,-0.00315916,-0.01227713,-0.01498680,-0.00089966,-0.01009642,-0.01125292,-0.00397743
2021-03-09,0.00589736,0.00712224,0.00306549,0.00985767,0.01507656,0.00887144,0.00769834,0.00494050,0.01428172
2021-03-10,0.00792198,0.01164812,0.00965749,0.00747609,0.01009301,0.01019620,0.00242108,0.00618348,0.00903528
2021-03-11,-0.01049049,-0.01060553,-0.01417449,-0.00820260,-0.01383835,-0.00852040,-0.02186293,-0.01823073,-0.01405568
2021-03-12,0.00403569,-0.00529610,-0.00450839,0.00245391,0.00676396,0.00348010,0.00352597,0.00351508,0.00310040
2021-03-15,-0.00127403,0.00151846,-0.00118294,-0.00310164,0.00463343,-0.00180664,-0.00057871,0.00037623,0.00183072
2021-03-16,0.00032182,0.00089616,0.00647524,0.00299431,0.00477473,0.00475401,0.00747270,0.01493007,-0.00393618
2021-03-17,-0.01546805,-0.01075840,-0.01232840,-0.00260464,-0.01144467,-0.01853707,-0.00869179,-0.01498883,-0.01334153
2021-03-18,0.00322803,0.00191061,0.00635292,-0.00364660,0.00466005,-0.00035564,0.00434052,0.00496019,0.01138755
2021-03-19,0.00234362,0.00165800,0.00133995,0.00443778,0.01095231,-0.00163391,0.00915254,0.00279982,0.00025963
2021-03-22,0.00897793,0.00437654,0.00462930,0.00131767,0.00580185,0.00778904,0.00528472,0.01162841,0.00560724
2021-03-23,0.00207018,0.00299765,0.00461161,0.00112224,0.00595927,0.00240132,0.00056265,0.00709426,0.01097476
2021-03-24,-0.00730921,-0.01566781,-0.00050732,-0.01069690,-0.00802237,-0.01003399,-0.00207576,-0.00806224,-0.00490701
2021-03-25,0.00677258,-0.00231841,0.00043587,0.00099150,-0.00142227,-0.00042413,-0.00110640,-0.00311908,-0.00095631
2021-03-26,-0.01109702,-0.00697304,-0.00536758,-0.01184735,-0.01261421,-0.01152190,-0.00799063,-0.01370202,-0.00727991
2021-03-29,0.00318057,-0.00200244,-0.00697990,0.00236174,0.00602975,0.00878213,0.00427525,0.01062149,0.00354916
2021-03-30,-0.00064195,0.00158643,0.00377159,0.00295340,0.00660290,0.00067275,0.00013999,0.00421001,0.00608338
2021-03-31,-0.00381880,-0.00412423,-0.00550986,-0.00753693,-0.00096899,0.00107515,0.00151916,-0.00496023,-0.00066645
2021-04-01,-0.00046350,0.00141694,0.00487069,-0.00508671,-0.00032135,0.00003166,0.00074293,-0.00233550,0.00447766
2021-04-02,-0.00542581,0.00930370,0.00213416,0.00455295,0.00406127,0.00628904,0.00460015,0.00218046,0.00035622
2021-04-05,0.00778066,0.00081037,0.00265810,0.00756484,0.00315361,0.00342030,-0.00291309,0.00174437,0.00731665
2021-04-06,0.00721741,0.00428455,0.00113554,-0.00101994,0.00506019,0.00725004,0.00643959,0.00449908,0.00538122
2021-04-07,0.00017686,-0.01013334,-0.00436116,-0.00111576,0.00233599,0.00092554,0.00096033,-0.00519096,-0.00262098
2021-04-08,-0.00443421,-0.00144456,-0.00567097,-0.00579671,-0.00610746,0.00379372,-0.00535736,-0.00700183,-0.00516354
2021-04-09,-0.02152689,-0.02335145,-0.01739603,-0.01639781,-0.01881520,-0.02686952,-0.02597646,-0.01907413,-0.01972630
2021-04-12,-0.00928011,-0.01225853,-0.00708146,-0.00882428,-0.00578652,-0.00663474,-0.00576883,-0.00836192,-0.00855322
2021-04-13,-0.00054925,0.00054200,-0.01446738,-0.00173631,-0.00258560,0.00006879,0.00348483,0.00407540,0.00557155
2021-04-14,-0.00335676,-0.01100732,-0.00424666,-0.00777592,-0.00722836,0.00379491,-0.00395271,-0.00483490,-0.00728009
2021-04-15,0.01746376,0.00824932,0.01478555,0.01134490,0.00089403,0.01220363,0.01151616,0.01193964,0.00812972
2021-04-16,0.00016794,-0.00084980,0.00498470,-0.00002473,0.00934408,0.00692915,0.01116535,-0.00379170,0.00269712
2021-04-19,0.00900719,0.00134710,0.00298040,0.00839708,0.00386988,0.00466058,0.00419234,0.00621020,0.00178395
2021-04-20,-0.01979225,-0.02536188,-0.02281744,-0.02299748,-0.01644074,-0.02341703,-0.01931160,-0.01836715,-0.02069789
2021-04-21,0.00482524,0.00825641,0.01214503,0.01234579,0.00962825,0.00706521,0.01381083,0.00997728,0.01147808
2021-04-22,-0.00285297,0.00553826,-0.00407481,-0.00379313,-0.00834750,0.00042263,0.00543938,0.00511145,-0.00221892
2021-04-23,-0.00537010,-0.00188048,-0.00915561,-0.00373703,-0.00076958,0.00157494,-0.00432319,0.00180362,-0.00123667
2021-04-26,0.00989516,0.00267059,0.00304411,0.00138753,-0.00112403,0.00042257,0.00127030,0.00539211,0.00092880
2021-04-27,0.00222058,-0.00147569,-0.00064204,0.00347235,-0.00281758,-0.00552959,-0.00497710,-0.00477491,0.00042122
2021-04-28,-0.00506349,-0.00840722,-0.01123592,-0.00609699,-0.00979326,-0.00999115,-0.01385358,-0.00816361,-0.01175085
2021-04-29,0.01193855,0.01892851,0.00962426,0.01199826,0.01591683,0.02294038,0.01450085,0.00448123,0.01361461
2021-04-30,-0.00055800,-0.00309566,-0.00084470,0.00470624,-0.00127119,0.00193883,0.00170791,-0.00231742,-0.00009973
2021-05-03,-0.01944314,-0.01360575,-0.01518726,-0.01686602,-0.01518537,-0.01891723,-0.01543099,-0.01380395,-0.01797235
2021-05-04,-0.00263617,-0.00787531,-0.01146733,-0.00705557,-0.00654816,-0.00892549,-0.01279908,-0.00732592,0.00179721
2021-05-05,-0.00146099,0.00413183,-0.00258408,0.00154129,0.00035781,0.00515440,0.01191648,0.00533456,-0.00018869
2021-05-06,0.00972242,0.00154475,0.00958646,0.00643709,0.00326048,0.01618574,0.00384711,0.00048578,0.00425385
2021-05-07,0.00785988,0.00656868,0.01016567,0.00276099,0.00577208,0.00184488,0.00104483,0.00813409,-0.00173636
2021-05-10,0.00138345,-0.00545671,-0.00129670,0.00186858,-0.00075460,-0.00630385,-0.00775480,-0.00294314,-0.00430803
2021-05-11,0.01032950,0.01137316,0.00608810,0.01277194,0.00471857,0.01136249,0.01129470,0.01282941,0.01328644
2021-05-12,-0.00730521,-0.00323726,-0.00228194,-0.00664318,0.00331146,-0.00331345,-0.00683057,0.00354079,0.00255118
2021-05-13,0.00061390,-0.00355396,-0.00224563,-0.00779921,0.00429922,-0.00085405,-0.00882506,-0.00622780,-0.00764886
2021-05-14,0.00668590,0.00426536,0.00867394,0.00703705,0.01187952,0.00535714,0.00036583,0.00782973,0.00482319
2021-05-17,0.00850336,0.00193324,0.00800230,0.00697646,-0.00080692,0.00454086,0.00182362,0.00486683,0.00495852
2021-05-18,0.01186570,0.00571412,0.00401333,0.01011951,0.01163628,0.00743195,0.01288818,0.01242540,0.01233223
2021-05-19,0.00488954,0.01152067,0.00358639,0.00642732,0.00489949,-0.00603222,0.00120126,0.01186078,0.00114848
2021-05-20,-0.00836123,-0.00224626,0.00097968,-0.00274222,0.00235996,-0.00020823,0.00145080,-0.00540513,-0.01222821
2021-05-21,0.00198836,-0.00837812,0.00295205,-0.00652114,-0.00440358,-0.00504346,-0.00688529,-0.00557648,-0.00280475
2021-05-24,-0.01316304,-0.01169824,-0.00874744,-0.01749895,-0.01909575,-0.01428612,-0.01379887,-0.01285084,-0.01525646
2021-05-25,0.00614460,0.00252357,0.00926614,0.01934947,0.00659430,0.00464595,0.01533367,0.00530829,0.00534709
2021-05-26,-0.00484271,-0.00856234,-0.00795401,-0.01004805,-0.00652348,-0.00954769,-0.01026815,-0.00542482,-0.01053849
2021-05-27,-0.00201701,-0.00665604,-0.01089593,-0.01089610,-0.00911590,0.00163606,0.00204869,-0.00406185,-0.00807974
2021-05-28,-0.00691264,-0.00300229,-0.00420662,-0.00469806,-0.00476115,0.00017097,-0.00241914,-0.00288073,-0.01701200
2021-05-31,0.00589174,0.00808748,0.00511124,-0.00148290,0.00473019,0.02040067,-0.00144024,0.00803518,0.00800058
2021-06-01,0.01204406,0.01198913,0.01965961,0.02206509,0.02847957,0.01675129,0.01882061,0.01633406,0.01279931
2021-06-02,-0.00200769,0.01390174,0.00820325,0.00140875,0.00195651,0.00437851,0.00292827,0.00327632,0.00335122
2021-06-03,0.00313178,0.00050521,0.00481801,0.00019575,0.00531935,0.00655346,0.00021938,0.00721552,0.00436677
2021-06-04,-0.00012066,0.00385360,-0.00139570,0.00315237,-0.00470478,0.00118556,-0.00117556,0.00742027,0.00299199
2021-06-07,0.00357066,-0.00651891,-0.00415571,-0.00173232,-0.00433464,-0.00697419,-0.00463700,-0.01073284,-0.01417384
2021-06-08,0.00119473,0.00805871,0.00422570,0.00505531,0.00162132,-0.00364695,-0.00096100,0.00242954,0.00402474
2021-06-09,0.00272612,0.00624533,0.01868458,0.01102813,0.00654034,0.01092616,0.00675035,0.00391718,0.01263814
2021-06-10,-0.00168103,-0.01063241,-0.00691894,-0.00951333,-0.00335767,-0.01070965,-0.00493715,-0.00045956,-0.00805738
2021-06-11,-0.00571464,-0.00671173,-0.00487760,-0.01446317,-0.00920466,-0.00488014,-0.00786994,-0.00359433,-0.00434741
2021-06-14,0.01686983,0.00683352,0.01080344,0.00309992,0.02107924,0.01100756,0.00925977,0.01245070,0.00713614
2021-06-15,-0.00677164,0.00475514,0.00209222,-0.01071475,-0.00981302,0.00134199,-0.00929365,-0.00656123,-0.00224590
2021-06-16,0.00096418,0.00571586,0.00314483,0.00051468,-0.00811690,-0.00313648,-0.00409307,-0.00315371,-0.00064035
2021-06-17,0.00018082,0.00223648,-0.00152183,0.00071943,0.00383341,-0.00113710,0.00308883,0.00526977,0.00016808
2021-06-18,0.00293085,0.00298526,-0.00691180,-0.00284495,-0.00118325,0.00329414,-0.00033692,-0.00080271,-0.00261033
2021-06-21,0.00385944,0.00509960,0.01382518,0.00131309,0.00495130,0.00224590,0.00529039,0.00857477,0.00654908
2021-06-22,0.00428754,0.00172429,0.00698126,-0.00062055,0.00896826,0.00711555,0.00097160,-0.00324396,0.00463862
2021-06-23,0.01351484,0.01439188,0.01302015,0.01115660,0.01707923,0.01002320,0.01444217,0.01327210,0.00989364
2021-06-24,0.00739462,0.00447502,0.00964489,0.01352509,0.01256717,0.00681612,0.01232363,0.01309500,-0.00365896
2021-06-25,0.00602462,0.00157034,0.00970228,0.00971192,0.00919756,0.01259456,0.00957621,0.01026371,0.00552583
2021-06-28,-0.00171497,0.00351791,-0.00438121,-0.00003265,-0.00285684,-0.00178693,-0.00171880,-0.00462157,-0.00646578
2021-06-29,-0.01177107,0.00496458,0.00439408,0.00048790,0.00536719,0.00122973,0.00906651,0.00798059,-0.00009952
2021-06-30,0.00878365,0.00895219,0.01340203,0.00952572,0.00995903,0.00787761,0.01432258,0.00053507,-0.00104878
2021-07-01,-0.00602493,-0.00039642,-0.00371279,0.00454078,-0.00213438,-0.00303270,0.00036523,-0.00339161,-0.00441176
2021-07-02,-0.00749383,-0.00082971,0.00488432,-0.00123698,0.00131813,0.00155412,0.00765805,-0.00446845,0.00414665
2021-07-05,0.00665579,0.00675681,0.01174657,0.01092372,0.00916163,0.01101523,0.00403510,0.01471016,0.01197609
2021-07-06,0.00311764,0.00411034,0.00452865,0.00654859,0.00991046,0.01019306,0.01153358,0.00134233,0.01020869
2021-07-07,-0.00060887,-0.00602341,-0.00125410,0.00088444,0.00134358,0.00432821,0.00741658,0.00046200,0.00233375
2021-07-08,-0.00261255,-0.00412809,-0.00851263,-0.00507827,-0.00647893,-0.00434368,-0.00636434,0.00341931,-0.00734431
2021-07-09,-0.00037729,-0.00056302,-0.00410489,-0.00522724,-0.00093020,-0.00592936,0.00030382,0.00032060,0.00309670
2021-07-12,0.00632182,0.01043795,0.00623385,0.01144520,-0.00164543,0.00036663,-0.00244838,-0.00013490,0.00626669
2021-07-13,0.00262977,0.00885943,0.00743681,0.00647595,0.00165976,0.00226724,0.00630810,0.00448579,-0.00308991
2021-07-14,0.01712440,0.01480854,0.01639974,0.01603470,0.01886632,0.01134087,0.00573075,0.01096911,0.01285206
2021-07-15,0.00301552,-0.00003920,0.00133489,0.00020472,0.00073487,0.00174255,0.00173499,0.00053730,0.00535704
2021-07-16,0.00064307,0.00200403,-0.00121758,0.00570329,0.00502194,0.00058621,-0.00113310,-0.00453993,0.00258746
2021-07-19,0.00094058,-0.00143932,-0.00228134,-0.00189046,-0.00605192,-0.00110122,-0.00128323,-0.00425847,0.00284778
2021-07-20,0.00027669,-0.00051930,-0.00123847,0.00553127,-0.00004266,0.00837400,-0.00438819,0.00747409,0.00603848
2021-07-21,0.01600061,0.01417931,0.00487666,0.01760859,0.01525857,0.01156471,0.01828371,0.01737558,0.01981716
2021-07-22,0.00341292,-0.00274171,-0.01583521,0.00089156,-0.00248215,0.00438864,-0.00752250,-0.01003323,0.00465491
2021-07-23,0.02156295,0.02441509,0.02153088,0.02106544,0.01920500,0.01781560,0.02180912,0.02556778,0.01769068
2021-07-26,0.00796068,-0.00321926,0.00105433,-0.00010813,0.00313692,0.01044454,0.00332520,0.01171132,0.00064291
2021-07-27,-0.00086790,0.00243500,0.00949375,0.00453817,0.00127079,0.00530710,0.00986557,0.00367035,0.00346496
2021-07-28,-0.00504390,-0.00030696,0.00058249,0.00346144,0.00855145,-0.00161108,-0.00472431,0.00210745,0.00545832
2021-07-29,-0.00764209,-0.00086539,-0.01024703,-0.00530099,-0.00894402,-0.00870702,-0.00354253,-0.00596352,-0.00945857
2021-07-30,-0.00833204,-0.01268561,-0.01194099,-0.01085765,-0.00825050,-0.00135489,-0.00932944,-0.00703857,-0.01252925
2021-08-02,-0.00737216,-0.00116963,0.00833326,0.00319242,0.00253435,-0.00329796,-0.00399977,-0.00100064,-0.00672941
2021-08-03,0.00858402,0.00425256,0.00577348,-0.00000428,0.00933271,0.00589568,0.00814999,0.01055413,0.00572339
2021-08-04,0.00350823,0.00188816,0.00030202,0.00729766,0.00001125,-0.00356625,0.00323191,0.00288608,0.00924551
2021-08-05,0.01135527,0.01082369,0.00448706,0.00599476,0.01207844,0.00768075,0.00230112,0.00390078,0.01075696
2021-08-06,-0.00446242,-0.00254029,-0.00285937,-0.00482262,-0.00032840,-0.00467901,-0.00530101,0.00530852,-0.00386003
2021-08-09,-0.00014324,0.00939007,0.01193647,0.00689808,-0.00528331,0.00696501,0.00310973,0.00893290,0.01529406
2021-08-10,0.01127287,0.01386743,0.01096664,0.00925871,0.00711197,0.01052642,0.00676208,0.01854022,0.00905005
2021-08-11,-0.00375340,-0.00121847,-0.00184940,-0.00460324,-0.00321833,-0.00519517,-0.00900799,-0.01242442,0.00396901
2021-08-12,0.01192578,0.00131319,0.00311667,0.01110644,0.00338892,0.00509783,0.00595965,0.00308934,-0.00397410
2021-08-13,-0.00933048,-0.00650725,-0.00731155,-0.00363113,-0.00675056,-0.01048679,-0.00878903,-0.01443566,-0.00023338
2021-08-16,-0.00101987,-0.00945293,-0.00121947,-0.00598550,-0.00322272,-0.00614920,-0.00505064,-0.00033347,-0.00299188
2021-08-17,0.00484537,0.00453416,-0.00164773,0.00155367,0.00435690,0.00730205,-0.00562692,0.00388880,-0.00633814
2021-08-18,0.00108140,-0.00032233,-0.00385703,0.00135468,0.00185961,0.01544651,0.00754502,-0.00061631,-0.00083786
2021-08-19,0.00058850,0.00006758,0.00222717,0.00573257,-0.00301924,0.00366694,0.00179752,-0.00293281,0.00176768
2021-08-20,0.00861509,0.00285562,0.00713888,0.01226117,0.01056219,0.00570250,0.00232693,0.00155360,0.01555209
2021-08-23,-0.00724676,0.00194581,-0.00469360,-0.00164418,0.00376895,0.00019093,0.00359843,-0.00387433,-0.00968639
2021-08-24,-0.00034807,-0.00013442,-0.00507612,-0.00548738,0.00672490,-0.00303352,-0.00706157,-0.00840023,-0.00941016
2021-08-25,0.00040274,-0.00386029,-0.00630314,-0.00591821,-0.00574039,-0.00292662,-0.00718848,0.00070125,-0.00797050
2021-08-26,0.00295899,-0.00402978,-0.00806160,-0.00478551,0.00107830,0.00553909,-0.00377825,-0.00206216,0.00411222
2021-08-27,-0.00937115,-0.00266702,-0.01551364,-0.00491399,-0.01748389,-0.01033274,-0.00973435,-0.00467909,-0.00851314
2021-08-30,0.01344591,0.01017442,0.01039211,0.00733720,0.01148370,0.00445111,0.00954094,0.00448710,0.00683165
2021-08-31,0.00282878,0.00378710,0.00837638,0.00273089,0.00662848,0.00481175,-0.00146658,0.00606413,0.01085063
2021-09-01,0.00003018,0.00198971,-0.00515184,-0.00450625,0.00052669,0.00305601,-0.00369000,-0.00144100,-0.00209389
2021-09-02,0.00733147,0.00149852,0.01109359,0.00518028,0.00151444,-0.00095689,0.01408330,0.00396146,0.00329259
2021-09-03,0.00592992,0.00690323,0.00804484,-0.00105700,0.00453784,0.00712424,0.00601745,0.00575374,0.00823740
2021-09-06,0.00293565,0.00255613,0.00277134,0.00804771,-0.00225825,0.00027321,-0.00229793,0.00569500,0.00269086
2021-09-07,0.00347998,0.00456743,0.00020453,-0.00031256,-0.00806813,0.00342515,0.00547586,0.00469263,0.00496442
2021-09-08,-0.00318135,0.00594759,0.00646717,0.00074927,0.00221082,0.00027294,0.00528895,0.00448708,0.00390317
2021-09-09,0.00870975,0.01435045,0.01179563,0.01271492,0.00836201,0.00293464,0.01515363,0.01989854,0.01361742
2021-09-10,0.00362517,0.00826972,0.00379469,0.00065018,0.00186277,0.00595611,0.00263019,0.00752649,0.01235695
2021-09-13,-0.00087325,-0.00478466,-0.00451747,-0.00176420,-0.00272005,-0.00243872,-0.00714076,0.00137865,-0.00168820
2021-09-14,0.01069476,0.00584175,0.01141941,0.00644430,0.00922399,0.00601013,0.00000857,0.00722340,0.00248364
2021-09-15,-0.00376995,0.00125240,-0.00582453,-0.00290359,0.00215690,0.00296495,0.00972428,0.00089698,-0.00036129
2021-09-16,0.01446550,0.01498873,0.01431725,0.01280308,0.01831381,0.01006054,0.02167241,0.01750132,0.01743674
2021-09-17,-0.00419416,-0.00697137,-0.00174017,-0.00134818,-0.00524827,-0.00199720,-0.00026396,0.00371699,0.00449094
2021-09-20,-0.00756522,0.00175615,-0.00386413,-0.00855613,-0.01129802,-0.00395725,-0.00751625,0.00071660,-0.00314372
2021-09-21,0.00176188,0.00576063,0.00924047,0.00817484,0.00292332,0.00551426,0.00364071,0.00320848,0.00021192
2021-09-22,0.00169442,0.01334340,0.00926385,0.00901254,0.00606266,0.00755745,-0.00036164,0.00455035,0.00783427
2021-09-23,-0.00820419,-0.00039520,0.00011745,-0.00672688,0.00040615,-0.00066216,-0.00161271,-0.00131334,-0.00274915
2021-09-24,-0.00015079,-0.00834033,0.00081928,-0.00029776,0.00059038,0.00470770,-0.00238188,-0.00122476,-0.00188905
2021-09-27,-0.00456056,-0.00731453,-0.01138829,-0.00145978,-0.00175419,-0.00721309,-0.00374473,-0.00076860,-0.00720634
2021-09-28,0.01311194,0.00506076,0.00052560,0.00638248,0.00358008,0.00811167,0.00218097,0.00382302,0.00224671
2021-09-29,0.00090211,-0.00606835,0.00764692,0.00026302,-0.00756694,-0.00106044,-0.00356246,0.00023291,0.00374722
2021-09-30,-0.00791334,-0.00692979,-0.00777774,-0.00749369,-0.00391430,-0.01302209,-0.00657150,-0.00404793,-0.00803852
2021-10-01,-0.00415097,-0.00364017,-0.00478859,-0.00135230,-0.00402508,-0.00394488,-0.00532639,-0.00405797,-0.00282261
2021-10-04,0.01051231,0.00236452,0.01133436,0.00890713,0.00751707,0.00247939,0.00512411,0.00657371,0.00528260
2021-10-05,0.00094982,-0.00249399,0.01029624,0.00375147,-0.00037076,0.00452842,0.00005446,0.00599162,0.00587106
2021-10-06,0.01018618,0.00989757,0.00465062,0.00814224,0.00480657,0.00653710,0.01400320,0.01018986,0.00561823
2021-10-07,0.00226465,-0.01110781,-0.00513667,-0.01078222,-0.00368585,-0.00404375,-0.01257071,-0.00752913,-0.00520719
2021-10-08,-0.00180074,-0.00688403,0.00100273,-0.00498723,0.00689387,0.00419524,-0.00054644,-0.00726495,-0.00463674
2021-10-11,0.00456278,0.01006499,0.01189758,0.01618446,0.00972192,0.00863613,0.01797254,0.00589134,0.01253729
2021-10-12,-0.01633047,-0.00570400,-0.01004792,-0.00776345,-0.00880299,-0.00742676,-0.00584105,-0.01748564,-0.01406721
2021-10-13,-0.01045718,-0.00571211,-0.00695345,-0.00579287,-0.00359388,-0.00850192,-0.00588571,-0.00578321,-0.00730038
2021-10-14,-0.00618702,-0.00217937,-0.00442283,-0.00659479,-0.00931421,-0.00396756,-0.00972044,-0.00484308,-0.00333930
2021-10-15,-0.01916488,-0.02163311,-0.02646014,-0.02215928,-0.01908706,-0.02081012,-0.02110233,-0.01596952,-0.01984124
2021-10-18,0.00850546,0.01093999,0.01385235,0.00643438,0.00959363,0.01640451,0.01458544,0.01248024,0.00926729
2021-10-19,-0.00627192,-0.00585136,-0.00215833,-0.00466368,-0.00292287,-0.00639588,-0.00045350,0.00067627,-0.00569354
2021-10-20,0.00229540,-0.00297510,-0.00402616,-0.00561186,-0.01337148,-0.00704928,-0.00949994,-0.00654134,-0.00390247
2021-10-21,0.00863093,0.00025954,-0.01223803,-0.00041614,0.01137085,0.00345888,0.00247984,-0.00118086,0.00008723
2021-10-22,0.00393272,0.00179330,0.00661750,0.00115021,0.00176937,-0.00127270,0.00007582,0.00742884,0.00146334
2021-10-25,0.00220229,0.00328177,-0.00069689,0.00389298,0.00195932,0.00494460,0.00130840,0.00384379,0.00818845
2021-10-26,-0.01034876,-0.00557320,-0.01356882,0.00038392,-0.00498069,-0.00713685,-0.00160456,-0.01153861,-0.00871176
2021-10-27,-0.00328474,-0.00514050,0.00091679,0.00501477,0.00205471,-0.00349060,0.00170133,-0.00413676,-0.00871661
2021-10-28,-0.00609893,-0.00891834,-0.00017832,-0.00413436,-0.00447908,-0.00600844,-0.00802785,-0.00225750,-0.00330980
2021-10-29,-0.00350427,-0.00349558,-0.01208040,-0.00874762,-0.01095643,-0.00020856,-0.01448500,-0.00764523,-0.00058559
2021-11-01,0.00711387,0.00265232,-0.00076522,0.00962832,0.00395845,0.00053164,0.00568574,-0.00007133,0.00397300
2021-11-02,-0.00852715,-0.00423029,-0.00228248,-0.00566921,-0.00294300,-0.00406769,0.00328188,0.00160769,-0.00579518
2021-11-03,-0.00029947,-0.00103428,-0.01353221,0.00410154,-0.00723339,-0.01229188,-0.00024493,-0.00380067,-0.00988070
2021-11-04,-0.01064764,-0.00473931,-0.00910685,-0.00221795,0.00381767,-0.00497461,-0.00423314,-0.01032795,-0.01344827
2021-11-05,0.00629648,0.00029295,-0.00499401,0.00106601,0.00027402,0.00008668,0.00154212,0.00094311,0.00101414
2021-11-08,-0.01360473,-0.00898874,-0.01097335,-0.01037497,-0.01020809,-0.01186270,-0.00886496,-0.01432476,-0.00980530
2021-11-09,0.00046938,0.00110276,0.00259953,0.00282764,-0.00285451,-0.00033594,-0.00338709,-0.00286591,-0.00611932
2021-11-10,-0.00096998,-0.00135251,-0.00154525,-0.00013859,0.00103369,-0.00797240,0.00016858,0.00119228,-0.00152458
2021-11-11,0.00177135,0.00413558,0.00666691,0.00791716,0.00180901,0.00184872,0.00350044,0.00456839,-0.00030085
2021-11-12,-0.00676918,0.00213294,0.00020564,-0.00688707,0.00135350,0.00156905,0.00468640,0.00555031,0.00066078
2021-11-15,0.00266928,0.00651575,0.01638342,0.01442280,0.01333654,0.01328645,0.00981907,0.01744537,0.01239596
2021-11-16,-0.01428739,-0.00215533,-0.01818946,-0.01502648,-0.01979484,-0.01379253,-0.01347927,-0.01526608,-0.01497065
2021-11-17,0.01145387,0.01200296,0.01161137,0.01758703,0.01785055,0.00743512,0.01133925,0.01354842,0.01302054
2021-11-18,-0.00588478,0.00035630,-0.00840258,-0.00427116,-0.00858856,-0.00759403,-0.00701045,0.00064589,-0.00964538
2021-11-19,-0.00047178,0.00241232,-0.00419965,-0.00360575,-0.00089612,-0.00126020,0.00372642,-0.00468614,0.00029258
2021-11-22,-0.01096031,-0.00549950,-0.00367364,0.00273374,-0.00175976,-0.00880080,-0.00539605,-0.00689911,-0.00631061
2021-11-23,-0.00776217,-0.01015592,-0.00780665,-0.00325727,-0.00922576,-0.01005050,-0.00424682,-0.00613960,-0.00526954
2021-11-24,0.00442389,0.00562244,-0.00441299,0.00314698,-0.00120566,-0.00255046,-0.00485039,-0.00064353,-0.00192352
2021-11-25,-0.00227494,-0.00579481,-0.00093210,0.00023255,-0.00780603,-0.00831139,-0.00420534,-0.00432088,-0.00699174
2021-11-26,-0.00319006,-0.00094849,-0.00114270,-0.00655888,-0.01126443,-0.00431094,0.00102523,-0.01038213,-0.01039251
2021-11-29,0.00759106,0.01689908,0.00798036,0.00913728,0.00824356,0.01370316,0.00398655,0.00169381,0.00569477
2021-11-30,0.01612542,0.01413418,0.01159677,0.01034431,0.01396949,0.01285876,0.01307984,0.00828662,0.01194460
2021-12-01,0.00582314,0.00065511,0.01520045,0.01278030,0.00697390,0.00952395,0.00452589,0.01261231,0.01109424
2021-12-02,0.00321601,0.00407536,-0.00500929,-0.00177272,-0.00541392,0.00066226,0.00628514,-0.00106659,0.00205276
2021-12-03,0.00023957,-0.00137338,0.00057903,-0.00267602,-0.00121302,-0.00184498,0.00116164,0.00004039,-0.00393363
2021-12-06,0.00690277,0.01124287,0.01495013,0.01708141,0.00900171,0.01253333,0.01656358,0.00805671,0.01039454
2021-12-07,0.00093788,0.00050995,-0.01046381,-0.00143297,-0.00680730,-0.00170956,-0.00057087,0.00523601,0.00143073
2021-12-08,0.00418712,0.00519552,0.00441432,0.00190437,0.00897562,0.00008517,0.00731730,0.00237402,0.00443664
2021-12-09,0.01335469,0.00448130,0.01999884,0.00638918,0.01235424,0.00363515,0.00691313,0.01442277,0.01754872
2021-12-10,0.01356042,0.00605450,0.00963116,0.00678117,0.00866603,0.00974024,0.00447316,0.00696546,0.00442775
2021-12-13,-0.00760703,-0.00667041,-0.00457072,-0.00757315,-0.00598733,-0.00654121,-0.00325986,-0.00515336,-0.01147323
2021-12-14,0.00289470,0.00462251,0.00864353,0.00982299,0.00641002,-0.00098082,0.01205432,0.00014744,0.00531852
2021-12-15,-0.00487507,-0.00721533,-0.00713638,-0.00597565,-0.00005406,-0.00332857,-0.00319502,-0.00652624,-0.00449103
2021-12-16,-0.00390298,-0.00081709,-0.00750240,-0.00850424,-0.00107007,-0.00993263,0.00385243,-0.00471390,-0.00225053
2021-12-17,0.00041749,0.00236844,0.00091605,-0.00115068,0.00329231,-0.00409214,-0.00212639,-0.00291208,0.00534051
2021-12-20,0.01149089,0.00407563,0.00099032,0.00811139,0.00757659,0.00595856,0.00526440,0.00147731,0.00879576
2021-12-21,-0.01353149,-0.00677768,-0.00578491,-0.01173566,-0.00671593,-0.00753498,-0.00833740,-0.01011454,-0.01366828
2021-12-22,-0.00208909,-0.00246669,-0.00625264,-0.00037311,-0.00658811,-0.00593575,0.00167450,-0.00503759,0.00112482
2021-12-23,0.00484455,0.00453825,0.00039467,0.00510400,-0.00024495,0.00068808,0.00262646,-0.00071436,0.00421293
2021-12-24,0.00114527,-0.00446288,-0.01107933,-0.01154611,-0.00648873,-0.00834937,-0.00999041,-0.01169753,-0.00887930
2021-12-27,0.00303979,0.00729689,0.00347789,0.00372335,0.00162686,-0.00009708,0.00988234,0.00492214,0.01168046
2021-12-28,0.01318393,0.00849233,0.00539540,0.01640201,0.01147781,0.01137647,0.00783524,0.00741554,0.01261526
2021-12-29,-0.00880200,-0.01950276,-0.00792918,-0.01534181,-0.01543576,-0.01713190,-0.01492540,-0.01640694,-0.01647913
2021-12-30,-0.00314539,0.00294133,0.00374048,0.00312594,0.00282367,0.00468773,-0.00336125,0.00634999,-0.00321576
2021-12-31,-0.01300279,-0.01279092,-0.01705734,-0.01632397,-0.01643815,-0.01951385,-0.01484692,-0.02288275,-0.01060733
2022-01-03,0.01194554,0.00783913,0.00779448,0.00811861,0.00055203,0.01029499,0.00756649,0.01092269,0.00134190
2022-01-04,-0.00486133,-0.00441141,-0.00792539,-0.00212005,0.00038644,-0.00741875,0.00112853,-0.00114916,-0.00607426
2022-01-05,0.00116819,0.00943171,0.00043029,0.00827394,0.00704247,0.00902201,0.01069531,0.00025763,0.00997068
2022-01-06,-0.00000190,-0.00308638,-0.00354727,-0.00420026,-0.01258302,-0.00855746,-0.00498785,-0.01093062,-0.01257904
2022-01-07,0.00319703,0.00718521,0.00608625,0.00219376,0.00324648,0.00209001,0.00677803,0.00505650,0.01049627
2022-01-10,0.00968899,0.00976502,0.01274530,0.00775022,0.00716015,0.01146963,0.01253506,0.01376591,0.01167719
2022-01-11,0.01220732,0.00929871,0.00780609,0.00441080,-0.00080401,0.00438884,0.00414908,0.00588087,0.00938191
2022-01-12,-0.00065513,0.01356745,0.01217701,0.00123162,0.01220156,0.00759086,0.00443488,0.01713172,0.00855074
2022-01-13,0.01460241,0.00751424,0.01464502,0.01643749,0.00898556,0.01624451,0.01239857,0.01243320,0.00946210
2022-01-14,-0.00136842,-0.00548569,-0.00762481,-0.00518066,-0.00157752,0.00071569,-0.00478008,-0.00447469,0.00233544
2022-01-17,0.00465852,0.00415021,0.00429743,-0.00007586,0.00946771,0.00650836,0.00966428,0.00530789,0.01371217
2022-01-18,0.00698502,-0.00581913,0.00916581,0.00646268,0.00410915,0.00542272,0.00075015,0.00258467,-0.00349535
2022-01-19,0.00294313,-0.00697367,0.00114754,-0.00054830,-0.00177326,-0.00860398,-0.00081289,-0.00674444,0.00175334
2022-01-20,-0.00653224,0.00186767,-0.00213425,-0.00140427,-0.00452399,-0.00193376,-0.00670685,-0.01267525,-0.00342491
2022-01-21,-0.01356424,-0.01268887,-0.00732364,-0.01047295,-0.00829173,-0.01355600,-0.00836062,-0.01252343,-0.00755581
2022-01-24,-0.00057433,0.00688841,-0.00254263,0.00124093,0.00001697,0.00374035,0.00338688,0.00421838,0.00651397
2022-01-25,-0.00939285,-0.00274409,-0.00490725,0.00191059,-0.00314373,-0.00185939,-0.00140074,-0.00318016,-0.00556195
2022-01-26,0.01668176,0.01001429,0.00764141,0.01111561,0.00452069,0.01200282,0.01382394,0.01018177,0.01652381
2022-01-27,0.01131204,0.00411230,0.00466706,0.00876367,0.00348805,0.00199327,0.00333273,0.00121057,0.00112080
2022-01-28,0.00808150,0.00455665,0.00071900,0.00545606,0.00373138,0.00928814,0.00241109,-0.00463925,0.00390884
2022-01-31,0.00775698,0.00903940,0.00224693,0.00468245,0.01263955,0.00549553,0.00663278,0.00793292,0.01190392
2022-02-01,0.00071611,0.00737867,0.00556748,0.00481236,0.00595895,0.00650423,0.00460671,0.00983839,0.00677113
2022-02-02,0.01676698,0.01009829,0.01539474,0.01219568,0.00698731,0.02166631,0.01199341,0.01008067,0.01976285
2022-02-03,0.00589237,-0.00298592,-0.00897183,0.00031581,-0.00689850,0.00583474,-0.00269838,-0.00400552,-0.00760775
2022-02-04,-0.00480433,-0.01261102,-0.01019432,-0.01044521,-0.01293897,-0.01709421,-0.01473301,-0.00685643,-0.01455942
2022-02-07,-0.00528925,-0.00176977,0.00103283,0.00528377,-0.00525541,0.00514409,0.00716810,-0.00315080,-0.00391112
2022-02-08,-0.00364104,-0.00338452,-0.00128797,-0.00285030,0.00049834,0.00014529,0.00069663,0.00133452,-0.00077839
2022-02-09,0.00556032,0.00488347,0.00838075,0.00375921,0.00181739,0.00315794,0.00068152,-0.00186605,-0.00395489
2022-02-10,0.00246821,0.00776833,-0.00156866,0.00084457,0.01027875,0.00116371,0.00181575,0.00598624,0.01066457
2022-02-11,-0.00235850,-0.00860213,-0.00386749,-0.00120604,-0.00051607,-0.00319295,-0.00152997,-0.00280993,-0.00263630
2022-02-14,0.00845308,0.00818266,0.00442864,0.00567365,0.00438410,0.01162403,0.00466610,0.01260783,0.01291159
2022-02-15,0.00097708,-0.00119484,-0.00179391,0.00048812,0.00221727,0.00320982,-0.00304483,0.00220505,0.00541606
2022-02-16,-0.00147271,-0.00545007,-0.00728506,-0.00768299,-0.00885294,-0.00407027,-0.00001061,-0.00177216,-0.00767339
2022-02-17,-0.00210087,0.00334681,-0.00231741,-0.00012433,-0.00004021,-0.00669155,0.00065936,0.00168342,0.00403787
2022-02-18,-0.00568017,-0.00640528,-0.01139425,-0.00524129,-0.00715271,-0.00480682,-0.00795318,-0.01542862,-0.01155357
2022-02-21,0.00885298,-0.00031256,0.00289249,0.00497135,-0.00163118,0.00628076,-0.00534916,0.00159618,0.00455635
2022-02-22,0.00124133,0.00162853,0.00851263,0.00888795,0.00404929,0.00641316,0.00393484,0.00671116,0.00152171
2022-02-23,-0.00157443,-0.00499282,-0.00280499,-0.00583148,-0.00738960,-0.00397865,-0.00070305,-0.00396477,-0.00416514
2022-02-24,0.01156634,0.00772580,0.00329691,0.00909712,0.00451196,-0.00134149,0.01193772,0.00735039,0.00402302
2022-02-25,-0.00554329,0.00031924,-0.01004681,-0.00164340,-0.00197031,-0.00227260,-0.00151696,-0.00586990,-0.00228512
2022-02-28,0.00126282,-0.00243006,-0.00069573,0.00094484,-0.00280262,0.00284010,0.00585959,0.00573164,0.00185752
2022-03-01,0.00644127,0.00649917,0.00120653,0.00580682,0.00320221,0.00200424,0.00061334,0.00618719,0.00301705
2022-03-02,0.00056195,-0.00372253,-0.00312391,0.00693619,-0.00063932,-0.00756236,0.00035104,-0.00230986,-0.00469338
2022-03-03,-0.01092141,-0.01125817,-0.01433261,-0.01484026,-0.01239425,-0.01192116,-0.02257630,-0.01726922,-0.01931342
2022-03-04,-0.00416032,0.00100763,-0.00767551,-0.00557220,0.00313459,-0.00357143,-0.00142813,-0.01298993,-0.00563477
2022-03-07,0.01505802,0.01025177,0.01530198,0.02155780,0.01645509,0.02114865,0.01805173,0.01132299,0.02627614
2022-03-08,0.00043161,0.01053208,0.00493786,0.00864048,-0.00260074,0.00733841,0.00836930,0.00538236,0.00798342
2022-03-09,0.00636589,0.00630871,0.00931893,0.01056297,-0.00057678,0.00398313,-0.00357536,0.00951806,0.00697092
2022-03-10,0.00307356,0.00082903,0.00513885,0.00273970,0.00924255,0.00878347,0.00452058,0.00979020,0.01563003
2022-03-11,0.00269627,-0.00048940,0.00522265,0.00336100,-0.00081084,0.00423688,-0.00260077,0.00260728,0.00206862
2022-03-14,0.02073640,0.01969657,0.01903689,0.01976398,0.01795631,0.02220987,0.01389110,0.01749296,0.01505815
2022-03-15,-0.00084288,0.00495718,0.00176424,0.00667377,-0.00076633,-0.00099936,-0.00015015,-0.00010444,0.00152511
2022-03-16,0.00540307,0.00548298,-0.00305803,0.00104405,-0.00032628,0.00428338,0.00518534,0.00339693,-0.00223382
2022-03-17,-0.01483081,-0.00710529,-0.01410728,-0.01817167,-0.02094508,-0.01597131,-0.01190378,-0.01243395,-0.00982222
2022-03-18,-0.01062661,-0.00570121,-0.00635386,-0.01258781,-0.02107578,-0.00950522,-0.01077886,-0.01231218,-0.01263123
2022-03-21,-0.00232096,-0.00813845,-0.00661660,-0.00948130,-0.00283335,-0.00445642,-0.00663892,-0.00353936,-0.00299471
2022-03-22,-0.00010561,0.00365789,0.00732420,-0.00384197,-0.00558706,0.00020886,-0.00210392,-0.00237581,0.00379104
2022-03-23,0.00863709,0.00295121,0.00495461,0.00863028,0.01209299,0.00259393,0.00425931,0.00498569,0.01395998
2022-03-24,0.00614988,-0.00384512,-0.00498906,-0.00039709,0.00026974,0.00491257,0.00443227,-0.00503403,0.00330756
2022-03-25,0.00165674,0.00137007,-0.00712864,0.00551287,-0.00174565,-0.00839208,0.00391711,-0.00129313,0.00594437
2022-03-28,-0.00415450,-0.00035764,-0.00752292,-0.00547258,0.00132010,0.00347943,-0.00486202,-0.00395115,0.00168636
2022-03-29,-0.00615891,0.00349594,0.00920144,0.00713910,0.00753364,0.01101061,0.01256719,0.00352568,0.00052823
2022-03-30,0.00502263,0.00257398,0.00438092,0.00720463,0.00877986,0.00180907,-0.00085251,0.00848203,0.01223621
2022-03-31,0.01293478,0.00101217,0.01098687,0.00779764,0.00760255,0.00838530,0.01103360,0.00729905,0.00798143
2022-04-01,-0.00163886,-0.00475781,0.00119751,0.00047202,-0.00204550,-0.00536392,0.00264488,-0.00121928,-0.00526642
2022-04-04,-0.00032388,-0.00099348,-0.00580176,0.00564777,0.01033459,0.00186533,0.00795849,0.00759765,-0.00108775
2022-04-05,0.00458789,0.00879247,0.00704101,0.00255483,0.01107989,0.00785182,0.00128198,0.00460943,0.00467348
2022-04-06,-0.00756584,-0.00987085,-0.00317566,-0.00922214,-0.01364503,-0.00090106,-0.01190058,-0.00535684,-0.00676223
2022-04-07,0.00431407,0.00761478,0.00230744,-0.00595462,0.00344501,0.00530475,-0.00135933,-0.00080236,-0.00661460
2022-04-08,0.00571238,-0.00189148,0.00176477,-0.00183362,0.00278103,0.00376895,-0.00284405,0.00080995,0.00428637
2022-04-11,-0.00798338,0.00473742,-0.00655749,-0.00058945,-0.00653333,0.00035424,-0.00408004,-0.00825868,-0.00524296
2022-04-12,-0.00116487,0.00140692,0.00587514,0.01144066,-0.00763684,0.00143340,-0.00283103,0.00408660,0.00344456
2022-04-13,0.00045484,0.00307808,0.00274591,-0.00098059,-0.00393455,0.00544027,0.01354923,-0.00321993,0.00874185
2022-04-14,0.00084274,-0.00194197,0.01290599,-0.00223489,0.00379161,0.00098936,-0.00312939,0.00216947,0.00552127
2022-04-15,-0.00076936,-0.00194612,-0.00269966,0.00103434,0.00232116,-0.00313394,0.00070734,-0.00647444,0.00222139
2022-04-18,-0.00255805,-0.01344051,-0.00085008,-0.01291025,0.00142925,-0.01084295,-0.00712751,0.00051104,-0.00158925
2022-04-19,0.00966845,0.00575272,0.00673810,0.00734685,0.00894609,0.00877747,0.00568722,0.00870304,0.00450307
2022-04-20,0.00893863,0.01791019,0.01192919,0.01886315,0.01651997,0.01127260,0.01062153,0.02043253,0.01353399
2022-04-21,0.01111720,0.01004339,0.00534909,0.00453336,0.00951011,0.01243163,0.01196034,0.01045296,0.01006842
2022-04-22,-0.00815315,0.00130092,-0.00680284,0.00424737,-0.00266637,-0.00204084,-0.00348616,0.00196493,0.00149307
2022-04-25,-0.00416997,-0.01152579,-0.00157208,-0.01625796,-0.01087478,-0.00385970,-0.01440579,-0.00783544,-0.01233007
2022-04-26,0.00191776,0.00417489,0.00313407,0.00425691,0.00418752,-0.00037005,0.00097385,-0.00278891,0.00091547
2022-04-27,0.00475361,0.01259009,0.02003639,0.00848884,0.01275872,0.01834814,0.00922685,0.00475592,0.00617009
2022-04-28,-0.00512339,0.00084825,-0.00119649,-0.00108515,-0.00401237,-0.00904032,0.00542491,-0.00813732,-0.00680297
2022-04-29,0.01164733,0.01655991,0.00996979,0.01389083,0.01277080,0.01699075,0.01273073,0.01506786,0.01326629
2022-05-02,0.01448516,0.00947212,0.00212708,0.01102518,0.00619782,0.00384565,0.01000396,0.00609149,0.01257396
2022-05-03,-0.00686798,-0.00254915,-0.00314644,0.00082799,-0.00412900,-0.00409037,-0.00651434,0.00518063,-0.00946862
2022-05-04,-0.00372120,-0.00042792,0.00044993,-0.00548503,-0.00191963,-0.00406860,-0.00679120,-0.00060764,-0.00102862
2022-05-05,-0.00198485,0.00346721,-0.00048069,0.00538326,0.00074608,0.00081025,-0.00656298,0.00219247,-0.00103493
2022-05-06,0.01339549,0.00824692,0.00403418,0.01214112,0.01447074,0.01030206,0.00471805,0.01520680,0.00803123
2022-05-09,-0.00379982,0.00068831,-0.00955439,-0.01188352,-0.00894443,-0.00568244,-0.00341430,0.00377234,-0.00415768
2022-05-10,-0.00054201,0.00046214,-0.00095610,-0.00379470,-0.00374642,-0.00571566,-0.00695247,-0.00791458,-0.00110961
2022-05-11,0.02962802,0.03059629,0.02724495,0.03057241,0.02935832,0.02748914,0.03037412,0.02991418,0.02464894
2022-05-12,-0.00213709,0.00128473,0.00248306,-0.00073057,0.00160160,0.00328650,0.00238278,0.00144982,-0.00565887
2022-05-13,0.01007368,0.00667381,0.00255705,0.01066810,0.00130190,0.01086096,0.00515656,0.00105301,0.00370180
2022-05-16,-0.00865063,-0.00872160,-0.00872451,-0.00764231,0.00392774,-0.00384999,-0.00648758,-0.00386846,-0.00596567
2022-05-17,0.00296778,-0.00475490,0.00232379,-0.00135577,-0.00021412,0.00023692,-0.00093001,0.00662771,0.00124038
2022-05-18,-0.01374471,-0.01015970,-0.01138035,-0.01070467,-0.01144875,-0.01193269,-0.01031385,-0.00783750,-0.01309219
2022-05-19,-0.00508721,0.00169119,-0.00881116,-0.00952012,-0.00103131,-0.00142390,-0.00130605,0.00119647,-0.01032889
2022-05-20,-0.00528220,-0.00594415,-0.00460583,-0.01121081,-0.00480789,-0.00380130,-0.01054721,0.00024322,-0.01212070
2022-05-23,-0.00061045,-0.00063454,0.00109179,-0.00785317,0.00101776,0.00345170,0.00341404,0.00897683,-0.00091505
2022-05-24,-0.00824740,-0.01245509,-0.00401302,-0.00641511,0.00187577,-0.00085657,-0.00920864,-0.00708182,-0.00664121
2022-05-25,0.00082158,0.01292670,0.00102229,0.00062792,0.00426963,0.00900918,0.00701161,0.00766367,0.00700525
2022-05-26,0.00804549,0.01219858,0.00705608,0.00991498,0.00725012,-0.00119045,0.00707340,0.00306128,0.00526109
2022-05-27,-0.00421513,-0.00351720,-0.00434779,-0.00072075,0.00010337,0.00467809,-0.00086196,0.00432586,-0.00283169
2022-05-30,-0.00228964,0.00210553,0.00278649,0.00244875,0.01002089,0.00262303,0.00764872,0.00543585,0.00172212
2022-05-31,-0.00446474,-0.00178665,0.00164735,-0.00396098,0.00090473,-0.00243681,-0.00190798,0.00083966,-0.00421553
2022-06-01,0.01869103,0.02037254,0.01561402,0.02181903,0.01188156,0.01637023,0.01553940,0.01863198,0.01769380
2022-06-02,0.00102969,0.00287466,0.00812794,0.00392979,0.00067823,0.00370811,0.00004360,0.00906406,-0.00201938
2022-06-03,0.00963687,0.00503470,0.00893872,0.00303894,0.00056776,0.00886494,0.00170280,0.00173904,0.00214675
2022-06-06,-0.00302940,-0.01102876,-0.00666402,-0.00702408,-0.00818991,-0.00612210,-0.00731333,-0.00865233,-0.01169570
2022-06-07,-0.00662109,-0.01710078,-0.00553213,-0.00555476,-0.00872700,-0.01656544,-0.01760039,-0.01388867,-0.01301809
2022-06-08,-0.02022380,-0.01493873,-0.01806707,-0.01827609,-0.01208327,-0.02028634,-0.01898793,-0.01425535,-0.02268026
2022-06-09,0.00877610,0.00415970,0.00579042,0.01295011,0.00473683,0.00437238,0.00514472,0.00629626,0.01019592
2022-06-10,0.00212215,-0.00216260,-0.00256987,0.00081111,-0.00794517,-0.00082399,-0.00513626,-0.00268115,-0.00222648
2022-06-13,-0.00291493,-0.00661348,-0.01048687,-0.01376682,-0.00218642,-0.00238622,-0.00494051,-0.00799000,-0.01271197
2022-06-14,0.00516994,0.00342713,-0.00440823,0.00473174,0.00829234,0.00369221,0.00101127,-0.00278257,-0.00013130
2022-06-15,0.00605670,0.00364203,0.00811250,0.00416599,0.00773625,0.01682115,0.00858421,0.01057258,0.00735067
2022-06-16,0.00057384,0.00420419,0.01182800,0.00873647,0.00899531,-0.00360058,0.00973687,-0.00182119,0.00970821
2022-06-17,0.00368426,-0.00114867,0.00819273,0.00335203,-0.00064446,0.00407726,0.00687368,0.00711142,0.01128632
2022-06-20,-0.00206035,-0.00595188,-0.00290893,-0.00011224,-0.00054851,-0.00337392,0.00172564,-0.00483035,-0.00492527
2022-06-21,0.01010288,0.00386546,0.00522251,0.01768758,0.00031143,0.01142117,0.00373103,0.00949838,0.00716578
2022-06-22,0.00508252,0.00738896,-0.00112224,0.00882691,0.00269783,0.00694788,0.01478172,0.00292629,0.00120863
2022-06-23,0.00758739,0.00842952,0.00923600,0.00967141,0.00938849,0.00403354,0.00299228,0.00656622,0.00378930
2022-06-24,0.01192847,0.02213762,0.01620641,0.01391188,0.01848810,0.02281867,0.01600722,0.02099913,0.01379633
2022-06-27,0.00053851,0.00698353,0.00844494,0.00216947,0.00955952,-0.00004500,0.00358824,0.00326143,-0.00242063
2022-06-28,-0.00000054,-0.00462601,-0.00696337,0.00041197,-0.00797657,-0.00049606,-0.00346517,-0.00035065,-0.00335548
2022-06-29,0.00945983,0.00834241,0.00425787,0.01204087,0.01664488,0.00919935,0.00714507,0.01425279,0.01360174
2022-06-30,-0.00811047,-0.00025646,-0.01234646,-0.01462423,-0.01255141,-0.01474509,-0.01005263,-0.00880069,-0.01039602
2022-07-01,0.00800491,0.01352364,0.01113253,0.01253892,0.00663733,0.00666708,0.02020206,0.01604760,0.01348660
2022-07-04,0.00803191,-0.00236640,0.00024477,0.00641330,-0.00187339,-0.00141832,0.00040221,-0.00040859,0.00807657
2022-07-05,-0.01667906,-0.01017509,-0.01472502,-0.01388729,-0.00926656,-0.01347687,-0.01197634,-0.02275574,-0.01579052
2022-07-06,0.00434057,0.00530387,0.01096241,0.00734785,0.00418074,0.00661502,0.00918147,0.01703914,0.01286029
2022-07-07,0.00883354,0.01567574,0.00725003,0.01480285,0.01456178,0.00685154,0.00832778,0.00974784,0.00413388
2022-07-08,0.00435450,0.00386003,0.00043915,0.00094451,0.00163446,0.00594234,-0.00117889,-0.00085919,0.00183615
2022-07-11,0.01928910,0.02471853,0.01715512,0.02181583,0.02403879,0.02794766,0.02348318,0.02710968,0.01998293
2022-07-12,-0.01786712,-0.01148174,-0.01448018,-0.01447668,-0.01838234,-0.01459535,-0.00385164,-0.00919025,-0.01799116
2022-07-13,-0.00641205,-0.00915931,-0.00570075,-0.00175552,-0.00638261,-0.00738788,-0.00765427,-0.00364521,-0.00356251
2022-07-14,0.00149786,0.01102545,0.00266780,0.00773396,-0.00026616,0.00118733,0.00951059,0.00099290,0.00645804
2022-07-15,0.00003447,0.00033731,0.00384235,0.00683458,0.00134706,0.00004244,0.00604535,-0.00100542,0.00647107
2022-07-18,-0.00153304,-0.00011591,-0.00083850,-0.00216534,-0.00287460,0.00225976,0.00074529,0.00207126,-0.00085690
2022-07-19,0.00661780,0.01085836,0.01007190,0.01552362,0.00917582,0.01491794,0.01022040,0.01117226,0.00898665
2022-07-20,-0.01145767,-0.01515562,-0.00583759,-0.00791743,-0.01455781,-0.01004514,-0.00897996,-0.01398146,-0.01327504
2022-07-21,-0.01279162,-0.01426243,-0.00615567,-0.00522186,-0.00808012,-0.00247239,-0.00885101,-0.01183347,-0.00618120
2022-07-22,-0.00470563,-0.01043568,-0.00770891,0.00055341,-0.00356390,-0.00369820,-0.00114026,-0.00629749,0.00143576
2022-07-25,0.00410678,0.00652456,0.00186812,0.00609175,0.00326611,0.00556707,-0.00195827,0.01165357,0.01458729
2022-07-26,0.00813525,0.00777126,0.00462428,0.00720182,0.00552118,0.00069217,0.00733355,-0.00217347,0.00795314
2022-07-27,-0.00298088,-0.00281692,0.00240075,-0.00757812,-0.00314048,-0.00314900,0.00018252,0.00045330,-0.00517750
2022-07-28,-0.00091568,-0.00520684,-0.00434576,0.00104961,0.00721784,-0.00915365,0.00379293,0.00145036,-0.00056819
2022-07-29,0.00567063,0.00485907,0.00466721,0.00153904,0.01056506,0.00941828,0.00929078,0.00983116,0.01106308
2022-08-01,0.00294067,-0.00542159,0.00721957,-0.00642037,-0.00007796,-0.00096636,-0.00294299,-0.00036448,-0.00579283
2022-08-02,0.00700456,-0.00213907,0.00283478,0.00235199,0.00321454,0.00689459,-0.00059581,-0.00040431,-0.00274965
2022-08-03,-0.00473454,-0.00346832,0.00914906,-0.00007931,0.00098088,-0.00224572,-0.00599401,-0.00426256,-0.01007405
2022-08-04,0.01552282,0.00697759,0.00443830,0.00492931,0.01015434,0.01081080,0.00402775,0.00234570,0.00583798
2022-08-05,0.00855047,0.00842532,-0.00104917,0.00468827,0.00327537,0.00732502,0.00389539,-0.00040224,0.00469265
2022-08-08,-0.00516592,-0.01694485,-0.01074414,-0.00426832,-0.00996102,-0.00545200,-0.00767988,-0.00895378,-0.01067998
2022-08-09,-0.00262753,-0.01489728,-0.01154876,-0.01535453,-0.01097237,-0.00866057,-0.00917143,-0.01233856,-0.01253830
2022-08-10,0.01407071,0.01794362,0.00861178,0.01034021,0.00905215,0.00904579,0.00686830,0.01248328,0.01337912
2022-08-11,-0.00593793,-0.00795692,-0.00476595,-0.00708961,-0.00173671,-0.00992531,-0.01056092,-0.00160411,-0.00770437
2022-08-12,-0.00573390,-0.00424493,-0.00878576,-0.00075252,-0.00732103,-0.00236173,-0.00917570,-0.00873701,-0.00637482
2022-08-15,0.00539926,-0.00049605,0.00323760,-0.00166909,-0.00390103,0.00403064,-0.00031692,0.00357179,-0.00028739
2022-08-16,-0.00925123,-0.00913798,-0.00862978,-0.01312907,-0.00665497,-0.00994927,-0.01323956,-0.00619636,-0.00558334
2022-08-17,-0.01374266,-0.01002297,-0.00945173,-0.01068419,-0.01180533,-0.02117835,-0.01526484,-0.01651246,-0.01084520
2022-08-18,-0.00687895,-0.00919161,-0.00513751,-0.00977264,-0.00053546,-0.01065516,-0.00322016,-0.00500399,-0.01414767
2022-08-19,-0.00769436,-0.00171604,0.00065909,-0.00006637,-0.00080693,0.00114202,0.00019980,-0.00187811,-0.00547391
2022-08-22,0.00751767,0.00412653,0.00978688,0.01205727,0.00813021,0.01045267,0.00336006,0.01484330,0.00491479
2022-08-23,0.00147054,-0.00371655,-0.00338475,-0.00416005,0.00067473,-0.00068585,0.00261313,-0.00316853,-0.00117223
2022-08-24,0.00037001,-0.00253876,-0.00651072,-0.00541305,-0.00112677,-0.00071591,-0.00693339,-0.00348176,-0.00698289
2022-08-25,-0.00446642,-0.00051044,0.00320521,-0.00253945,-0.00093164,-0.00984706,0.00789218,-0.00160184,0.00103565
2022-08-26,0.00971799,0.00727532,0.01043779,0.00140910,0.01092867,0.00649338,0.00877051,0.00948208,0.00606595
2022-08-29,-0.00462022,0.00031990,0.00078337,0.00000263,-0.00226390,-0.00196953,-0.00127166,0.00403043,-0.00784080
2022-08-30,-0.00037898,-0.00431906,0.00216128,-0.00465909,0.00176482,-0.00133386,-0.00362497,0.00181696,0.00212951
2022-08-31,0.01175665,0.00979623,0.00743744,0.00475241,0.00901512,0.01336184,0.00935125,0.01358167,-0.00093927
2022-09-01,0.00494867,0.00395288,0.00338308,0.01047612,0.00761437,0.00842179,0.00763793,0.00519077,0.01463574
2022-09-02,-0.00809608,-0.00668007,-0.00612011,-0.00916258,-0.00837299,-0.00628773,-0.01073017,-0.00608614,-0.00814087
2022-09-05,0.00882573,0.00305119,0.01161785,0.00997709,0.01150174,0.00814061,-0.00653985,0.00933095,0.01028447
2022-09-06,0.00246846,-0.00298717,0.00617535,0.00056600,-0.00542981,0.00250787,0.00237975,0.00467858,0.00302547
2022-09-07,0.01587984,0.01721545,0.00849529,0.01064210,0.00921403,0.01211615,0.00562747,0.00736070,0.00950362
2022-09-08,0.01123161,0.00271388,-0.00160896,0.00476428,0.00526872,0.00555839,0.00066102,0.00896241,0.00297730
2022-09-09,0.02202960,0.01945441,0.01963104,0.01702895,0.01031601,0.02455222,0.01754776,0.01918790,0.01588898
2022-09-12,0.00241602,-0.00403781,-0.00819775,-0.00885551,-0.00196016,-0.00515886,-0.00363538,-0.00512627,-0.00335671
2022-09-13,0.00098248,0.00189516,-0.00287515,-0.00232654,-0.00572894,-0.00763651,0.00194016,-0.00419265,-0.00774486
2022-09-14,-0.00107787,0.00143481,-0.00590929,-0.00620796,0.00015397,-0.00694357,-0.01009635,-0.00366889,-0.00294106
2022-09-15,0.00759533,0.00388604,0.00234691,0.00885206,0.01043538,-0.00074462,-0.00538415,0.00341153,-0.00136117
2022-09-16,0.00652545,0.01097098,0.01370135,-0.00105423,0.01590396,0.00975472,0.01000631,0.00915070,0.00202692
2022-09-19,0.00848687,0.01354608,0.00090714,0.00991589,0.00976637,0.00233510,0.00326987,-0.00375237,0.00449074
2022-09-20,0.00908580,0.01531032,0.01662141,0.01384089,0.01465369,0.00776922,0.01429804,0.01648092,0.01289416
2022-09-21,0.00428994,0.00333676,0.00606229,0.00560649,0.00058610,0.00129688,0.00767625,0.01001145,0.01063317
2022-09-22,-0.00471796,-0.00001839,0.00081370,-0.00317349,0.00613679,0.00340849,-0.00039727,0.00015140,0.00406746
2022-09-23,0.00650864,0.00339795,0.01688852,0.00697141,0.00641207,0.00760648,0.00380567,0.00744634,0.00795364
2022-09-26,0.00916935,0.01743536,0.01335422,0.00916651,0.01820864,0.00882711,0.00965131,0.00785187,0.01792308
2022-09-27,0.01735123,0.01559275,0.00695797,0.01439416,0.00746827,0.01249880,0.00674872,0.00716154,0.00942091
2022-09-28,0.01126227,0.01505203,0.00808910,0.01039239,0.01585872,0.00480873,0.00541512,0.01103046,0.00904616
2022-09-29,0.00544701,0.00428973,0.00521670,0.00743564,0.00762126,0.00682158,0.01341716,0.00307501,0.00725358
2022-09-30,0.02795311,0.02636701,0.02400494,0.02876178,0.02112441,0.02804122,0.02412509,0.02413775,0.02408803
2022-10-03,-0.00911382,-0.01350088,-0.00327661,-0.01015779,-0.01059934,-0.01423503,-0.01093988,-0.00657349,-0.00378730
2022-10-04,0.01576007,0.01655619,0.01007473,0.01988252,0.01419836,0.01951890,0.01545437,0.01489106,0.00873884
2022-10-05,-0.02320434,-0.01173891,-0.01890382,-0.01479562,-0.01703495,-0.01324158,-0.02081877,-0.02870584,-0.01273839
2022-10-06,0.00334315,-0.00285843,-0.00174098,0.00134260,-0.00356427,0.00301721,0.00156510,-0.00124882,0.00491937
2022-10-07,0.00361674,-0.00134393,0.00384751,0.00019519,0.00114508,-0.00081394,-0.00521833,0.00031810,-0.00237342
2022-10-10,-0.01172149,-0.00054656,-0.00323059,-0.00019332,-0.00723118,-0.01043789,0.00095235,-0.00902565,-0.00447868
2022-10-11,0.01121786,0.01147384,0.01425086,0.01425971,0.00211553,0.00904995,0.00667820,0.01259705,0.00262379
2022-10-12,-0.00916653,-0.00362516,-0.01063086,-0.00574415,-0.00351744,-0.00843860,-0.00930897,-0.00522459,-0.01204729
2022-10-13,0.00955160,0.00480842,0.00126327,0.00603623,0.01023173,0.00146563,0.00667083,0.00020924,-0.00103993
2022-10-14,0.00455800,0.01176968,0.00890562,0.01292019,0.01332646,0.00848741,0.00882358,0.00660717,0.01040528
2022-10-17,-0.00604179,0.00002125,-0.00811680,-0.00229952,-0.00654527,-0.00363787,0.00201161,-0.00792931,-0.00097462
2022-10-18,-0.00003232,0.00861231,0.00689021,0.00265557,0.00497050,0.01061632,0.00384579,0.00474354,0.00520032
2022-10-19,-0.00063281,-0.00000134,-0.00430884,-0.00430266,0.00062131,-0.01007138,0.00281029,0.00043008,-0.00136507
2022-10-20,-0.00298031,0.00153158,-0.00001916,0.00098016,0.00466518,0.00254304,0.00679460,-0.00180974,0.00099534
2022-10-21,-0.00639645,-0.00386459,0.00283551,-0.00679684,-0.00058556,0.00195754,-0.00685484,0.00337882,-0.00412205
2022-10-24,0.00395573,0.00280579,0.00817904,0.00863921,0.00281737,0.00185639,-0.00441369,0.00465156,0.00688370
2022-10-25,0.00092947,0.00313158,-0.00719432,-0.00093973,0.00033956,-0.00397999,-0.00256851,0.00204917,0.00165097
2022-10-26,0.01068257,0.00065470,-0.00312224,0.00016624,0.00496543,0.00064142,0.00431266,0.00990225,0.00239448
2022-10-27,0.01126868,0.00726244,0.01395400,0.00896156,0.01385243,0.01562257,0.01136557,0.00939722,0.00771627
2022-10-28,0.00732928,0.00445715,0.00249127,-0.00088674,0.00254023,0.00691670,0.00587779,0.00333963,0.00794491
2022-10-31,-0.00238118,-0.00226693,0.00034037,0.00156245,-0.01308510,-0.00636939,0.00310938,-0.00266158,-0.00377663
2022-11-01,-0.00674401,-0.01779306,-0.00487242,-0.01428519,-0.00798384,-0.01166768,-0.01370232,-0.00237602,-0.01296928
2022-11-02,-0.00537485,-0.00240133,-0.00527060,-0.00465439,-0.00722622,-0.00193209,-0.00413305,-0.00664144,-0.01070449
2022-11-03,-0.00223594,-0.01669642,-0.00444976,-0.00349939,-0.01464352,-0.00323764,-0.00698312,-0.01569944,-0.01224196
2022-11-04,0.00799611,0.01117666,0.00633477,0.01351948,0.01292160,0.00499734,0.01439933,0.01465346,0.00089817
2022-11-07,-0.01088304,-0.00607201,-0.00417184,0.00062810,-0.00627265,-0.00473047,0.00217661,-0.00345836,-0.00497539
2022-11-08,-0.00544187,-0.00047569,0.00204448,0.00026368,0.00553249,0.00101328,0.00030882,0.00259111,0.00152720
2022-11-09,0.01123938,0.00293816,0.00595232,0.01150116,0.00641476,0.01210009,0.00943205,0.01080605,0.00162253
2022-11-10,0.01008698,0.00581561,0.00996355,0.00509647,0.01264474,0.00326638,0.00516429,0.01005237,0.00711598
2022-11-11,-0.00688490,0.00364055,-0.00552510,-0.00363740,-0.00338258,-0.00075206,-0.00577340,0.00762995,-0.00009597
2022-11-14,0.00643675,0.00400807,0.00311599,0.00501631,0.00382671,0.01424462,0.01437936,0.00453813,0.00478035
2022-11-15,-0.00909127,-0.01185007,0.00096694,-0.00342941,0.00093766,-0.00598401,0.00579323,-0.00930921,-0.00088601
2022-11-16,0.00047771,-0.00218863,-0.00877630,0.00355612,0.00634551,-0.00278858,0.00088595,-0.00280461,0.00146836
2022-11-17,0.00416748,-0.00178276,-0.00570217,0.00178124,-0.00235605,-0.00546008,-0.00187838,-0.00698474,-0.01104402
2022-11-18,0.01019658,0.00756088,0.00829268,0.01683973,0.01538708,0.00818680,0.01187015,0.01512349,0.00847018
2022-11-21,-0.01603061,-0.01231420,-0.02155402,-0.01809795,-0.01127036,-0.01241518,-0.01288651,-0.02127885,-0.00605286
2022-11-22,0.01949048,0.01663546,0.01843124,0.01646034,0.02367048,0.02065365,0.02272710,0.02058876,0.01308614
2022-11-23,-0.00603454,-0.00887127,-0.01321574,-0.01673649,-0.00350018,-0.00826755,-0.00744924,-0.01648678,-0.01188506
2022-11-24,0.00395979,0.00301088,0.00199603,-0.00136148,0.00448624,0.00912801,0.00865291,0.00200562,0.00988096
2022-11-25,0.00647452,0.01144475,-0.00035330,0.00073982,0.00218218,0.00694278,0.00374161,-0.00326376,-0.00038777
2022-11-28,0.00334221,-0.00443843,0.00014681,-0.01137076,-0.00240044,-0.01148244,-0.01077122,-0.00559433,-0.01253079
2022-11-29,-0.00032043,-0.00585647,-0.00525335,-0.00874307,-0.00015101,-0.00107773,-0.00361366,-0.00044132,-0.00479435
2022-11-30,0.00565427,0.01316033,0.01492257,0.01107656,0.00796933,0.00611311,0.01068151,0.01068829,0.00635287
2022-12-01,0.00263054,0.00098637,0.00009768,0.00719321,0.00583621,0.00697241,-0.00013500,-0.00442066,0.00140758
2022-12-02,0.00750037,0.00572180,0.00417207,0.00656239,0.00568307,0.01122368,0.01216836,0.00528753,0.00565526
2022-12-05,-0.00206195,-0.00322782,-0.00578615,-0.00676274,-0.00980038,-0.00873177,-0.00412783,-0.00810489,-0.00449188
2022-12-06,-0.00835415,-0.00733564,-0.00460066,0.00598534,-0.00451323,0.00000530,-0.00177919,-0.00814304,-0.00844502
2022-12-07,-0.00802628,-0.01022574,-0.00925600,-0.01061666,-0.00342697,-0.00359536,-0.00837332,-0.00948793,-0.00212550
2022-12-08,-0.01124132,-0.01088832,-0.00664290,-0.01111158,-0.00674327,-0.01234509,-0.01403317,-0.01054767,-0.01801209
2022-12-09,0.01068017,0.00748219,0.00865684,0.01671460,0.00824394,0.01093222,0.00988112,0.01733255,0.00578759
2022-12-12,-0.00788068,-0.01506303,-0.00870036,-0.01067255,-0.00911499,-0.01122598,-0.01407610,-0.00886702,-0.00815512
2022-12-13,-0.00405430,0.00022443,-0.00399396,-0.00372942,-0.00663266,-0.00521600,-0.00309705,-0.00661574,-0.00239560
2022-12-14,0.00641182,0.01687058,0.01550417,0.01374558,0.00927310,0.01028820,0.00918756,0.01778227,0.00968195
2022-12-15,-0.01228354,-0.01292039,-0.00067347,-0.00704512,-0.00935927,-0.01723793,-0.01236667,-0.01174388,-0.02004672
2022-12-16,0.00191160,-0.00408162,-0.00359144,-0.00658049,-0.00459779,-0.00167253,-0.00724064,-0.00611548,-0.00272242
2022-12-19,0.01189419,0.00500180,0.00363670,0.00738426,0.00171852,0.00500953,0.00542443,0.00214291,0.00223750
2022-12-20,0.00798256,0.01282064,0.01083483,0.01143100,0.01582291,0.01342037,0.01160625,0.00695309,0.00896252
2022-12-21,0.00215396,0.00086675,-0.00380480,-0.00185436,-0.00613680,0.00723913,0.00050002,0.00307837,0.00076029
2022-12-22,0.00976629,0.01473523,0.01372282,0.01150531,0.01076303,0.01636310,0.01142303,0.01253950,0.01753618
2022-12-23,0.00695114,0.00068410,0.00316230,0.00466861,0.00597017,0.00204939,0.00457652,0.00862922,-0.00204014
2022-12-26,0.00874281,0.00112295,0.00483310,0.00253496,0.00124061,0.00355044,0.00634862,0.01518024,0.00451545
2022-12-27,-0.00520692,-0.01278434,-0.01287725,-0.01332728,-0.00254594,-0.01252745,-0.00986463,-0.00523905,-0.00610526
2022-12-28,0.01648695,0.01576622,0.01871972,0.00920454,0.01911972,0.01460880,0.01024634,0.01457500,0.02115173
2022-12-29,0.00197941,-0.00609963,0.00375631,0.00300509,0.00814497,0.00374493,-0.00064386,-0.00118271,0.00399414
2022-12-30,0.00396137,-0.00498691,-0.00189859,0.00205179,-0.00298842,-0.00136181,0.00451839,-0.00110364,-0.00297520
2023-01-02,-0.01262468,-0.01040009,-0.00952261,-0.01376917,-0.00438236,-0.01001426,-0.01091593,-0.00539090,-0.01652486
2023-01-03,0.00647714,0.00428724,0.00950855,0.01038805,0.01037938,0.01412315,0.00411878,0.00727232,0.00946065
2023-01-04,0.00348914,0.00340858,-0.00838731,-0.00306419,-0.00163046,-0.00288846,-0.00220718,-0.00465318,-0.00396287
2023-01-05,-0.00806389,-0.01303963,-0.01384004,-0.00606500,-0.00884432,-0.01158630,-0.00307481,-0.00748388,-0.00294911
2023-01-06,-0.00537355,-0.00440294,-0.00056774,-0.00760590,-0.01049728,0.00265326,-0.00267710,-0.00992676,-0.00537914
2023-01-09,0.00581331,0.00538493,0.00901973,0.00182169,-0.00275155,0.00650277,0.00709122,0.00662342,0.00432599
2023-01-10,0.00802981,0.00539706,0.01101602,0.00445919,0.01103406,0.00131445,-0.00098537,0.00342236,0.00354527
2023-01-11,-0.00356609,-0.00345179,0.00758779,0.00310269,-0.00035087,-0.00913714,-0.00128658,0.00025721,0.00210991
2023-01-12,-0.01257295,-0.01113918,-0.00696712,-0.00273226,-0.00719929,-0.01036228,-0.00983290,-0.00944481,-0.00794163
2023-01-13,-0.01982286,-0.01974867,-0.01738683,-0.00529595,-0.01240083,-0.01473249,-0.01754382,-0.01996109,-0.00760643
2023-01-16,-0.00953964,-0.00869843,-0.00112781,-0.00359347,-0.00743083,0.00026965,-0.00365997,-0.00954472,-0.00077801
2023-01-17,0.00161131,0.01182261,0.00699167,0.00279604,0.00363003,0.00977738,0.00724175,-0.00087944,0.00781076
2023-01-18,-0.00183318,0.00462718,0.00295765,0.00547527,-0.00133092,0.00680676,0.00079049,0.00189751,-0.00514250
2023-01-19,-0.00268364,-0.00629610,-0.00149609,0.00212541,-0.00196416,-0.00159634,-0.00607659,-0.00156793,0.00264745
2023-01-20,-0.00363068,-0.00811169,-0.00560580,-0.00644584,-0.00129680,-0.00374842,-0.00439246,-0.00421921,-0.00575340
2023-01-23,-0.00445753,-0.00097252,-0.00453420,-0.00069944,0.00059880,-0.00535674,-0.00394556,0.00415735,0.00289122
2023-01-24,0.00220731,0.00297675,-0.00184817,0.00231942,-0.00015689,-0.00215886,-0.00517382,-0.00526537,0.00274324
2023-01-25,0.01760760,0.00924661,0.01449861,0.01191011,0.01219750,0.01884619,0.01783544,0.01307805,0.01822766
2023-01-26,-0.02071650,-0.01405555,-0.00962864,-0.01115875,-0.00971003,-0.00699249,-0.01255281,-0.00117625,-0.00837343
2023-01-27,-0.01463917,-0.01711949,-0.00850936,-0.01674648,-0.01723585,-0.01061482,-0.01300952,-0.01792832,-0.00912941
2023-01-30,0.00392742,-0.00123877,0.00616542,0.00737096,0.00203058,-0.00367559,0.00541968,0.00677512,0.00197952
2023-01-31,0.02212220,0.01917989,0.02179971,0.01989682,0.01929164,0.02579193,0.02279298,0.03045507,0.02707006
2023-02-01,-0.00244968,-0.00371394,0.00788653,0.00208312,0.00407566,-0.00029552,0.00642386,-0.00410638,0.00254359
2023-02-02,-0.00790100,-0.00713421,-0.00656984,-0.01086296,-0.00485705,-0.00316221,-0.00790319,-0.00339010,-0.00417875
2023-02-03,-0.00592993,-0.01013567,-0.00696611,-0.00543062,-0.00467575,-0.00113825,-0.00464779,-0.00847997,-0.00075081
2023-02-06,0.00507698,0.01030514,0.00849320,0.00897828,0.00224093,-0.00101240,0.00643418,0.00235183,0.00542355
2023-02-07,0.00835540,-0.00230941,0.00042488,0.00214088,0.00459647,0.00466920,0.00701378,0.00034112,0.00069383
2023-02-08,0.00196756,0.00347427,0.00018198,0.00260152,0.00664613,-0.00147277,0.00031328,0.00674801,0.00599223
2023-02-09,-0.00145424,0.00712924,-0.00395343,0.00244205,-0.00415281,0.00287366,-0.00273276,0.00351653,-0.00292607
2023-02-10,0.00416156,0.00069733,0.00612779,0.00153642,-0.00162524,0.00778807,-0.00395193,0.00537551,0.00330604
2023-02-13,-0.00326979,-0.00209202,-0.01033446,-0.00085867,-0.01116998,0.00150212,-0.00382301,0.00148694,-0.00665917
2023-02-14,-0.00377808,-0.00283059,-0.00967009,-0.00001859,-0.00718036,-0.00504286,-0.00631416,-0.00371330,0.00191564
2023-02-15,0.00241456,0.01410590,0.00601682,0.01142002,0.01354024,0.00680921,0.01694596,0.01089053,0.01036176
2023-02-16,-0.00653590,-0.00824742,-0.00687874,-0.00501277,-0.00620357,-0.01279780,-0.00587426,-0.01358578,-0.00571650
2023-02-17,-0.00073922,-0.00539291,-0.01096704,-0.00620076,-0.01015953,0.00090796,-0.00407330,-0.00847276,-0.01346969
2023-02-20,0.00322309,-0.00131902,0.00384109,0.00255350,-0.00160670,0.00139901,-0.00355268,-0.00419223,-0.00307102
2023-02-21,-0.00041374,0.00445569,-0.00096098,-0.00241466,-0.00160093,-0.00847752,0.00049155,-0.00048116,0.00235214
2023-02-22,0.00610974,0.01168861,0.00008277,0.00294395,0.01166643,0.01014320,0.01092594,0.00684123,0.00640833
2023-02-23,-0.00010477,-0.00176715,-0.00184256,-0.00367331,-0.00120107,0.00407420,0.00063171,-0.00156642,-0.00234676
2023-02-24,0.00420964,0.00159999,-0.00795731,-0.00430784,0.00215822,-0.00482904,-0.00831864,-0.00351109,-0.00478775
2023-02-27,0.01907569,0.02180813,0.01515482,0.01110258,0.01558667,0.01612934,0.01783959,0.01647071,0.01631122
2023-02-28,-0.00957989,-0.00897926,-0.00432963,-0.00721595,-0.01895117,-0.00849249,-0.01278577,-0.00562996,-0.00809117
2023-03-01,-0.00643020,-0.01640919,-0.01037044,-0.00523314,-0.00975762,-0.01035162,-0.01321331,-0.00271503,-0.01147889
2023-03-02,-0.00387717,0.00417491,-0.00485036,-0.00400866,0.00094161,0.00120097,-0.00245501,-0.00256873,-0.00744205
2023-03-03,0.00114733,-0.00147579,0.00377439,0.00223565,0.01149015,0.00285621,0.00142553,0.00411972,0.01321519
2023-03-06,0.00354349,-0.00003263,0.00689692,0.00004688,0.00708749,0.00095540,0.00465533,0.00549535,0.00427009
2023-03-07,-0.01719229,-0.00856674,-0.00212633,-0.00284406,-0.01493699,-0.00862285,-0.00314838,-0.00795857,-0.00526639
2023-03-08,0.00133103,0.00267748,0.01188491,0.00914250,0.00137925,0.00365976,0.00518957,0.00639687,0.00409622
2023-03-09,0.01029157,0.01669042,0.01220200,0.01659364,0.00252510,0.01417189,0.01162180,0.00343177,0.00934547
2023-03-10,-0.00644863,-0.00401522,-0.01043092,-0.00967187,-0.01014993,-0.01355671,-0.00933424,-0.00259190,-0.00511284
2023-03-13,0.00094721,-0.00086978,0.00425773,0.00150774,-0.00110526,-0.00098656,-0.00373312,0.00505239,-0.00140444
2023-03-14,-0.02237975,-0.02628308,-0.01526156,-0.01740252,-0.01816185,-0.01334947,-0.01329909,-0.02544003,-0.01784049
2023-03-15,-0.00608943,-0.00493953,-0.01061763,-0.00667475,-0.00651953,-0.00826280,-0.01469702,-0.00395756,-0.00836586
2023-03-16,-0.00166767,-0.00352961,-0.00080582,-0.00311719,0.00625347,-0.00302326,0.00045787,0.00069758,0.01028179
2023-03-17,0.00423013,0.00045476,0.00428017,0.00092896,0.00705933,0.00380977,0.00415267,0.00654648,0.00719570
2023-03-20,0.00147588,-0.00799052,0.00427450,-0.00814632,-0.00192174,-0.00491389,-0.00052127,-0.00042286,-0.00230372
2023-03-21,0.00521584,0.00750139,0.00349784,0.00590616,0.01014074,0.00410203,0.00694423,0.00226844,0.00485842
2023-03-22,-0.01699033,-0.01254890,-0.00980656,-0.01261553,-0.01067064,-0.00578856,-0.00817706,-0.01042300,-0.01014978
2023-03-23,-0.00649124,-0.01316295,-0.01602519,-0.00961075,-0.00459457,-0.01289392,-0.00601955,-0.00817950,-0.00766814
2023-03-24,0.00184189,0.01554467,0.00193559,0.00791239,0.00840005,0.00661947,0.00474895,0.01169966,0.00491847
2023-03-27,0.00319175,-0.00010441,0.00039164,-0.00081321,-0.00141023,-0.00215445,-0.00301808,0.00171038,0.00292851
2023-03-28,0.00728198,-0.00051883,0.00485216,0.01111728,0.01334188,0.00684778,0.00623024,0.00858640,0.00618502
2023-03-29,-0.01232423,-0.00711047,-0.00345718,-0.00205053,-0.00057345,-0.00541230,0.00363561,-0.00862008,-0.00343203
2023-03-30,0.00845813,0.00694835,0.01399237,0.00365286,0.01050271,0.00199371,0.00830857,0.00529644,0.00156117
2023-03-31,-0.00638851,0.00624649,0.00107226,-0.00120007,-0.00573620,-0.00258085,-0.00306909,-0.00179981,-0.00042866
2023-04-03,-0.01493388,-0.01560042,-0.01560840,-0.00961890,-0.01014186,-0.01057902,-0.01496856,-0.00466231,-0.01325888
2023-04-04,-0.00799251,-0.00127458,-0.01313663,-0.01340229,-0.00391564,-0.00535362,-0.00851970,-0.00615943,-0.00786809
2023-04-05,0.00352296,0.00104848,0.01469782,0.00317973,0.00661102,0.00483701,0.00505442,0.01355419,0.00790239
2023-04-06,0.00999606,0.00654327,0.00567640,0.00198743,0.01136225,0.00743186,0.00592432,0.00775714,0.00523048
2023-04-07,-0.00481901,-0.00826081,-0.00392839,-0.00452000,-0.00260960,-0.00121708,-0.00479025,0.00013662,-0.00084257
2023-04-10,0.00251730,0.00452258,0.00325569,0.00477661,0.00256297,0.00720054,0.00066964,0.00555596,0.00292688
2023-04-11,-0.01226841,-0.00651381,-0.00782412,-0.00685769,-0.00521048,-0.00954262,-0.00338265,-0.00912324,-0.00281218
2023-04-12,0.00333513,0.00348429,0.00603624,0.00415658,0.00779309,0.00360116,0.00523233,0.00051020,0.00781363
2023-04-13,0.00664788,0.00333915,0.00306399,0.00260333,0.00220496,-0.00197157,0.00566767,0.00112242,0.00404467
2023-04-14,0.00320193,-0.00782746,0.00436910,-0.00111652,-0.00448850,-0.00591483,-0.00058888,-0.00284758,-0.00246896
2023-04-17,-0.00380497,0.00380283,-0.00075289,0.00055830,-0.00577223,-0.01170675,0.00076637,0.00437512,0.00178493
2023-04-18,-0.00665803,-0.00313161,-0.00734777,-0.01797051,-0.00695501,-0.01788691,-0.01820099,-0.00973378,-0.00223369
2023-04-19,0.00356623,0.02034037,0.01056197,0.01852544,0.01778502,0.01580764,0.00697565,0.01229680,0.01424266
2023-04-20,0.00657728,0.00291504,-0.00685565,0.00511173,0.00397423,0.00370672,0.00225962,0.00349858,0.00403555
2023-04-21,-0.00057382,-0.00138616,0.00379486,0.00205753,0.00646025,-0.00061366,-0.00246053,0.00389248,-0.00463582
2023-04-24,-0.00100356,0.00414569,0.00500893,0.00294681,0.00506860,0.00597947,0.00767563,0.00520880,0.00782184
2023-04-25,0.00882157,0.00807560,0.00725257,0.00462764,0.00502626,0.01063023,0.00877336,0.00728615,0.01210540
2023-04-26,0.00037792,0.00411618,-0.00464909,-0.00146469,0.00324498,0.00215199,-0.00082940,-0.00073153,0.00022268
2023-04-27,-0.02559082,-0.02143578,-0.01716584,-0.01886944,-0.02735249,-0.01952336,-0.01326123,-0.01688684,-0.02022221
2023-04-28,0.00529342,0.01224042,-0.00033859,0.00024793,0.00877052,0.01097529,0.01090822,0.00428800,0.00305326
2023-05-01,-0.00014124,0.00551434,0.00743437,-0.00194902,-0.00279876,0.00670911,-0.00358242,0.00139276,0.00065191
2023-05-02,-0.00289354,-0.00157260,0.00087887,0.00751714,0.00362272,0.00126674,0.00193400,-0.00481172,0.00126708
2023-05-03,-0.00719438,-0.00416412,-0.00914453,-0.01314614,-0.00523027,-0.00894253,-0.00483814,-0.00768752,-0.00147650
2023-05-04,0.00942704,0.00795479,0.00822763,0.00218311,0.00804136,0.01114312,0.00752095,0.00846321,0.01056137
2023-05-05,0.01094032,0.00291689,0.01039612,0.00187521,0.00518481,0.00232092,0.00772702,0.00604341,0.01045635
2023-05-08,0.00198214,-0.00077699,-0.00032856,-0.00051313,-0.00007978,0.00649502,0.00302559,-0.00384937,-0.00423618
2023-05-09,0.00089782,0.00905601,0.00596019,0.00549234,0.00644445,0.00336529,0.00307167,0.00958949,0.01434367
2023-05-10,0.01376544,0.01376985,0.01312274,0.01263168,0.01218439,0.01693706,0.01551092,0.01222836,0.01175792
2023-05-11,-0.01365581,-0.00825443,-0.00453487,-0.01251028,-0.01411250,-0.01317825,-0.01181923,-0.01845920,-0.01965549
2023-05-12,-0.00036356,0.00043492,-0.00294005,-0.00188905,-0.00035680,-0.00110257,-0.00639868,0.00621793,-0.00365031
2023-05-15,0.00169800,0.01686792,0.00474007,0.00510405,0.00383111,-0.00295346,0.00816529,0.00191156,0.01355698
2023-05-16,-0.00365578,-0.01289708,-0.01482796,-0.00919766,-0.00927904,-0.01348160,-0.01231427,-0.01913191,-0.01268027
2023-05-17,0.00515896,0.00567331,0.01206288,-0.00176041,0.00572180,0.00605076,0.00418968,0.00228726,0.00513284
2023-05-18,0.01676375,0.00488465,0.01801735,0.01827443,0.02091461,0.01788052,0.01292869,0.01708036,0.01506377
2023-05-19,-0.00350439,-0.01547179,-0.00378814,0.00375743,-0.00036172,-0.00181376,-0.00529449,-0.00708753,-0.01251041
2023-05-22,-0.00105212,0.00023002,-0.00186584,-0.00563745,0.00049289,0.00197738,-0.00149152,0.00187796,-0.00454671
2023-05-23,0.00601253,0.00897917,-0.00136880,0.00575211,0.00179551,0.00807284,-0.00027920,0.00548881,-0.00219039
2023-05-24,0.00248146,0.00338214,0.01121027,0.00595156,0.00600480,0.00594427,0.00239250,0.00991054,-0.00219547
2023-05-25,-0.00023849,0.00166728,-0.01535339,-0.00152051,-0.01313504,-0.00591273,-0.00689112,-0.00829753,-0.00241621
2023-05-26,-0.00281678,0.00002779,-0.00586426,-0.00436906,-0.00325274,-0.00678415,-0.00802951,0.00145144,-0.00253647
2023-05-29,-0.00944010,-0.00630514,-0.00509707,-0.00652693,-0.00756399,-0.00155685,-0.00901499,-0.00733679,-0.00505523
2023-05-30,-0.01034176,-0.01345227,-0.01486203,-0.01613959,-0.00704840,-0.01445307,-0.01384225,-0.01058822,-0.00776951
2023-05-31,0.00526587,0.00552139,0.00695651,0.01214225,0.00950367,-0.00174291,0.00995674,0.00800536,0.00167974
2023-06-01,0.00617197,0.00211244,0.00770307,0.00485143,0.00601575,0.00634008,0.00827307,0.00621943,0.00471099
2023-06-02,-0.00658365,-0.00365213,-0.00798282,-0.00967743,-0.01263744,-0.00493935,-0.00694872,-0.00286461,-0.00605201
2023-06-05,-0.00043171,0.00218406,0.00222674,0.00571440,0.00756522,0.00890201,0.00223273,0.00304976,0.00077621
2023-06-06,0.00717873,0.00861890,0.00681016,0.00614766,0.01374810,0.00145512,0.00274033,-0.00163467,0.00547653
2023-06-07,-0.01185498,-0.00969009,-0.01218771,-0.00994362,-0.00393043,-0.00652587,-0.01392084,-0.01419473,-0.01299463
2023-06-08,0.00646915,0.00683494,-0.00061510,0.00500093,0.00749249,-0.00286853,0.00417756,0.00968754,0.00906612
2023-06-09,0.02371905,0.02001717,0.03187774,0.02344779,0.02142673,0.03289975,0.01488133,0.01712010,0.02855099
2023-06-12,-0.00612337,-0.01468660,-0.00844618,-0.00433536,-0.00428973,-0.00997721,-0.01501732,-0.01136370,-0.01338069
2023-06-13,0.00634554,0.00302951,0.00889246,0.01181407,0.01534506,0.00355910,-0.00189881,0.00405217,0.00348153
2023-06-14,0.00152314,0.00425038,0.00485770,0.00090423,0.00061137,0.00248865,0.00517318,-0.00644031,-0.00266275
2023-06-15,0.01506568,0.00786156,0.01847682,0.00987825,0.01273507,0.01496252,0.01079592,0.01704939,0.01853938
2023-06-16,0.00258374,0.00307653,0.00638893,0.00745538,0.00507783,-0.00200114,0.00713973,0.00778879,0.00704169
2023-06-19,0.00641147,0.00397541,0.00187231,0.01147987,0.00864937,0.00427991,0.00578524,-0.00046221,-0.00295512
2023-06-20,-0.01109800,-0.00816865,-0.00686894,-0.00693401,-0.00968312,-0.01037132,-0.01655184,-0.01373229,-0.01374960
2023-06-21,-0.00416554,0.00149125,-0.00385342,-0.00260449,-0.00200687,-0.00885049,-0.00097807,0.00071708,-0.00013226
2023-06-22,0.01020497,0.01387976,0.01036128,0.02409025,0.01384645,0.01128887,0.01005352,0.00765471,0.01368765
2023-06-23,0.00077724,-0.00500151,-0.00125229,-0.00894923,0.00041797,-0.00028342,-0.00028119,-0.00298014,-0.00252447
2023-06-26,0.00164877,-0.00186649,0.00705649,0.00403723,0.00428196,0.00049666,0.00058472,0.00167576,0.00194531
2023-06-27,-0.00417096,-0.00486644,-0.00599789,-0.01072366,-0.00195079,-0.00647253,-0.00416398,-0.01338152,-0.01172684
2023-06-28,0.00872325,0.01282531,0.01387963,0.01479208,0.00752001,0.01752328,0.01695828,0.01306058,0.01679031
2023-06-29,0.00027627,0.00794821,0.01046693,0.00889283,0.00837974,0.00967710,0.00463994,-0.00416641,0.00582606
2023-06-30,0.00020618,0.00454332,0.00661813,0.00385617,0.00328093,0.00515014,0.00548828,0.01000694,0.00307302
2023-07-03,0.00066627,0.01049591,0.00367678,0.00472123,0.00844079,0.00344428,0.00926744,0.00626833,0.01079490
2023-07-04,0.00192721,-0.00324874,0.00349348,-0.00024736,-0.00093005,-0.00542100,-0.00336432,0.00290394,-0.00033474
2023-07-05,0.00272433,0.00020184,0.00643236,-0.00115045,-0.00091567,-0.00409403,0.00153314,-0.00171847,0.00105615
2023-07-06,0.01821090,0.00626227,0.01712677,0.01087247,0.00655724,0.00649894,0.00768281,0.00705535,0.00939303
2023-07-07,-0.00544349,-0.00050914,-0.00363989,-0.00540498,-0.00405342,0.00065197,-0.00219614,-0.00063920,-0.00237604
2023-07-10,-0.00941759,-0.01360525,-0.00307705,-0.00870156,-0.00984696,-0.00804557,-0.00770439,-0.00334169,-0.01229538
2023-07-11,-0.00208486,0.00411479,0.00181218,-0.00042910,0.00244001,0.00607690,0.00609198,0.00252481,-0.00049476
2023-07-12,-0.00442624,-0.00111433,-0.00338319,-0.01319609,-0.00824826,0.00218925,-0.00105268,0.00007258,-0.00154029
2023-07-13,0.00977489,0.00371217,0.00827848,0.00822428,0.00956824,0.01697987,0.00698720,0.01263354,0.01125364
2023-07-14,0.00578521,0.00113036,0.00202548,0.00244180,0.00463468,0.00604900,0.00333299,0.01481975,0.00670595
2023-07-17,0.00697814,0.00791884,0.00232882,0.00779897,0.00712688,0.00478431,0.00248947,0.01106193,0.01148023
2023-07-18,0.01358667,0.01645893,0.00540221,0.00531663,0.01316505,0.01832511,0.00240716,0.01232833,0.01787815
2023-07-19,-0.00298850,-0.00382206,-0.00857744,-0.00037539,-0.01011681,-0.00398185,0.00027430,-0.00794415,0.00053834
2023-07-20,0.00551406,-0.00235333,0.00233784,-0.00051878,0.00150164,0.00653462,0.00122472,0.00786314,-0.00086025
2023-07-21,0.00544256,0.01185420,0.01394936,0.00944578,0.00411252,0.01032132,0.01147964,0.00498850,0.00592872
2023-07-24,0.01033506,0.01067773,0.00928568,0.00335337,0.00047999,0.00592063,0.01369742,0.00588028,0.00720210
2023-07-25,0.00571716,0.00794371,-0.00845358,-0.00224089,0.00037492,0.00625566,0.00369788,-0.00099873,0.00309070
2023-07-26,-0.01172590,-0.01064295,-0.00405360,-0.01351041,-0.01115123,-0.00501908,-0.01109500,0.00114045,-0.01434369
2023-07-27,-0.00321288,0.00530086,-0.00136999,-0.00031360,-0.00238476,0.00366356,0.00112095,0.00036237,0.00283130
2023-07-28,0.00595479,-0.00328166,-0.00748192,0.00484752,0.00119810,0.00295459,-0.00727325,0.00217010,-0.00752097
2023-07-31,0.01266966,0.00860356,0.01768336,0.01433260,0.01038642,0.01019103,0.01276005,0.00658766,0.01125637
2023-08-01,-0.00281459,-0.00974809,-0.02017859,-0.00856154,-0.00771836,-0.01074325,-0.00407165,-0.01085306,-0.00769991
2023-08-02,0.00547979,0.00947537,0.00436961,0.00643916,0.00691760,0.01352333,0.00566015,0.00891826,0.00887456
2023-08-03,0.00220425,0.01137395,0.00205546,0.00404995,0.00879800,-0.00148325,-0.00025734,0.00185503,0.00882714
2023-08-04,0.01726956,0.01699328,0.01221567,0.00752790,0.02442607,0.01785187,0.01733734,0.01821536,0.01925293
2023-08-07,0.00166009,0.00637756,0.01334333,-0.00683663,0.00190781,0.00494175,0.00806832,0.00199529,0.00218203
2023-08-08,-0.01098693,-0.00752304,-0.00604362,-0.01130803,-0.00026931,-0.00807063,-0.01068976,-0.00400211,-0.00892121
2023-08-09,-0.00674368,0.00059089,0.00322620,0.00232372,-0.00030522,0.00169968,0.00349588,-0.00192132,-0.00828898
2023-08-10,-0.00906464,-0.00129268,-0.00172752,0.00844629,0.00104348,-0.00216220,-0.00258923,0.00747720,-0.00092468
2023-08-11,0.01108848,0.01858812,0.01481777,0.00702881,0.01686277,0.01688615,0.01641759,0.01056234,0.00819963
2023-08-14,0.00814762,0.01107766,0.00933684,0.00247041,0.01398486,0.01239182,0.01443611,0.01356003,0.00890949
2023-08-15,-0.00409083,0.00084040,-0.00148617,-0.00506357,-0.00365621,-0.00122715,0.00052541,-0.00106515,-0.00246011
2023-08-16,0.02200028,0.01366553,0.01871600,0.01331861,0.01947239,0.02204403,0.02032792,0.01972258,0.01972112
2023-08-17,-0.00033196,-0.00420143,0.01305395,0.00664784,0.01150452,0.00213501,0.01076701,0.00400353,0.01062204
2023-08-18,-0.00640167,-0.00234113,-0.00478128,-0.01007865,-0.01250786,0.00106265,-0.00262640,-0.00444761,-0.00905941
2023-08-21,-0.01703293,-0.01890731,-0.01954345,-0.01688844,-0.01765155,-0.01728537,-0.02099316,-0.02620295,-0.01315905
2023-08-22,0.00309471,0.00014552,-0.00019336,0.00898787,0.00244538,-0.00297411,-0.00747370,-0.00017917,0.00110373
2023-08-23,-0.00479211,0.00012006,0.00299258,-0.00340059,-0.00105141,-0.00205201,-0.00160455,0.00298689,-0.00452953
2023-08-24,0.00048370,-0.00598932,-0.00487725,-0.00315994,-0.00014360,0.00047198,-0.01138834,-0.01079388,-0.01148252
2023-08-25,0.00708375,0.01155286,0.01011942,0.00426221,0.00632821,0.00717125,0.00544477,0.00843126,0.00955334
2023-08-28,0.00122672,0.00511481,0.00447991,0.00194138,0.00500628,-0.00230254,-0.00235553,0.00261390,0.00160084
2023-08-29,-0.00874752,0.00018720,0.00266915,-0.00777303,0.00404145,-0.00125114,0.00569176,-0.00438356,0.00092002
2023-08-30,0.00735069,0.01364226,0.01163808,0.00997365,0.01206531,0.00633489,0.00497774,0.01088928,0.01247965
2023-08-31,0.00143910,-0.00177199,-0.01050969,-0.00746193,-0.00983127,0.00029353,-0.00449599,0.00310043,-0.00787070
2023-09-01,-0.00835210,-0.00450230,0.00205533,-0.00617527,-0.00093684,-0.00989211,-0.00294255,-0.00398875,-0.00459648
2023-09-04,-0.01106530,0.00114903,-0.00091707,-0.00983817,-0.01116900,-0.01541372,-0.00029031,-0.00789322,-0.01470139
2023-09-05,-0.00732628,-0.00791796,-0.01188963,-0.00318105,-0.01111929,-0.01367643,-0.01507715,-0.01861286,-0.01117718
2023-09-06,-0.00383142,-0.00441712,-0.00269560,0.00063433,-0.00041720,-0.00100211,-0.00248779,0.00160058,-0.00381831
2023-09-07,-0.02067505,-0.01477454,-0.01766652,-0.02167593,-0.02217018,-0.02037220,-0.01605912,-0.01779671,-0.02088540
2023-09-08,-0.00214955,-0.00915160,-0.00403868,-0.00724485,-0.00680953,-0.00578814,-0.00863143,-0.00770170,-0.00985653
2023-09-11,-0.00079735,0.00245426,0.00177806,-0.00605390,-0.00404315,0.00450365,-0.00817813,0.00029560,-0.00335682
2023-09-12,0.00438627,0.01270491,0.01080297,0.01377387,0.00503208,0.00307988,0.01203686,0.00868973,0.00391997
2023-09-13,0.02018194,0.01931031,0.01153465,0.03404888,0.01773915,0.01695508,0.01565165,0.02520986,0.00914778
2023-09-14,-0.00529387,-0.00621797,-0.00411939,0.00146731,-0.00105539,-0.00699936,-0.00840215,-0.00874270,-0.00474623
2023-09-15,0.01517214,0.01671431,0.00858247,0.01309873,0.01204842,0.01756673,0.01686104,0.02347648,0.01784424
2023-09-18,-0.01125215,-0.01495394,-0.01270298,-0.00993882,-0.01461254,-0.00647944,-0.00765708,-0.01733460,-0.01892161
2023-09-19,0.00460883,0.00090630,0.00093326,-0.00380220,0.00286596,0.00336022,-0.00479712,0.00147921,0.00451442
2023-09-20,0.02686660,0.01984936,0.02652897,0.03084431,0.02118774,0.02359672,0.02046512,0.02707620,0.02258681
2023-09-21,-0.00045371,-0.00157673,0.00854689,0.00800095,0.00201482,-0.00435173,0.00178230,0.00738966,0.01048083
2023-09-22,-0.00603653,-0.01281157,-0.00997172,-0.00185870,-0.00374385,-0.00764953,-0.01022014,-0.00989225,-0.00950965
2023-09-25,0.00756961,0.00897635,0.01003975,0.01164546,0.01041292,0.00838746,0.01257847,0.00573042,0.00060760
